name,material_type,core_size_nm,zeta_potential_mv,surface_area_m2g,coating,source_type,doi,ic50,ec50,pec50,cell_line,exposure_time_h,hydrosize,dosage,e,NOxygen,class
Al2O3,Al2O3,39.7,36.3,64.7,,literature_mined,,,-1.51,,,24.0,267.0,0.001,1.61,3.0,nonToxic
Al2O3,Al2O3,39.7,36.3,64.7,,literature_mined,,,-1.51,,,24.0,267.0,0.01,1.61,3.0,nonToxic
Al2O3,Al2O3,39.7,36.3,64.7,,literature_mined,,,-1.51,,,24.0,267.0,0.1,1.61,3.0,nonToxic
Al2O3,Al2O3,39.7,36.3,64.7,,literature_mined,,,-1.51,,,24.0,267.0,1.0,1.61,3.0,nonToxic
Al2O3,Al2O3,39.7,36.3,64.7,,literature_mined,,,-1.51,,,24.0,267.0,5.0,1.61,3.0,nonToxic
Al2O3,Al2O3,39.7,36.3,64.7,,literature_mined,,,-1.51,,,24.0,267.0,10.0,1.61,3.0,nonToxic
Al2O3,Al2O3,39.7,36.3,64.7,,literature_mined,,,-1.51,,,24.0,267.0,20.0,1.61,3.0,nonToxic
Al2O3,Al2O3,39.7,36.3,64.7,,literature_mined,,,-1.51,,,24.0,267.0,50.0,1.61,3.0,nonToxic
Al2O3,Al2O3,39.7,36.3,64.7,,literature_mined,,,-1.51,,,24.0,267.0,100.0,1.61,3.0,nonToxic
Al2O3,Al2O3,39.7,36.3,64.7,,literature_mined,,,-1.51,,,12.0,267.0,0.001,1.61,3.0,nonToxic
Al2O3,Al2O3,39.7,36.3,64.7,,literature_mined,,,-1.51,,,12.0,267.0,0.01,1.61,3.0,nonToxic
Al2O3,Al2O3,39.7,36.3,64.7,,literature_mined,,,-1.51,,,12.0,267.0,0.1,1.61,3.0,nonToxic
Al2O3,Al2O3,39.7,36.3,64.7,,literature_mined,,,-1.51,,,12.0,267.0,1.0,1.61,3.0,nonToxic
Al2O3,Al2O3,39.7,36.3,64.7,,literature_mined,,,-1.51,,,12.0,267.0,5.0,1.61,3.0,nonToxic
Al2O3,Al2O3,39.7,36.3,64.7,,literature_mined,,,-1.51,,,12.0,267.0,10.0,1.61,3.0,nonToxic
Al2O3,Al2O3,39.7,36.3,64.7,,literature_mined,,,-1.51,,,12.0,267.0,20.0,1.61,3.0,nonToxic
Al2O3,Al2O3,39.7,36.3,64.7,,literature_mined,,,-1.51,,,12.0,267.0,50.0,1.61,3.0,nonToxic
Al2O3,Al2O3,39.7,36.3,64.7,,literature_mined,,,-1.51,,,12.0,267.0,100.0,1.61,3.0,nonToxic
CuO,CuO,46.3,42.8,24.1,,literature_mined,,,-5.17,,,24.0,239.0,0.001,1.9,1.0,nonToxic
CuO,CuO,46.3,42.8,24.1,,literature_mined,,,-5.17,,,24.0,239.0,0.01,1.9,1.0,nonToxic
CuO,CuO,46.3,42.8,24.1,,literature_mined,,,-5.17,,,24.0,239.0,0.1,1.9,1.0,nonToxic
CuO,CuO,46.3,42.8,24.1,,literature_mined,,,-5.17,,,24.0,239.0,1.0,1.9,1.0,nonToxic
CuO,CuO,46.3,42.8,24.1,,literature_mined,,,-5.17,,,24.0,239.0,5.0,1.9,1.0,nonToxic
CuO,CuO,46.3,42.8,24.1,,literature_mined,,,-5.17,,,24.0,239.0,10.0,1.9,1.0,Toxic
CuO,CuO,46.3,42.8,24.1,,literature_mined,,,-5.17,,,24.0,239.0,20.0,1.9,1.0,Toxic
CuO,CuO,46.3,42.8,24.1,,literature_mined,,,-5.17,,,24.0,239.0,50.0,1.9,1.0,Toxic
CuO,CuO,46.3,42.8,24.1,,literature_mined,,,-5.17,,,24.0,239.0,100.0,1.9,1.0,Toxic
CuO,CuO,46.3,42.8,24.1,,literature_mined,,,-5.17,,,12.0,239.0,0.001,1.9,1.0,nonToxic
CuO,CuO,46.3,42.8,24.1,,literature_mined,,,-5.17,,,12.0,239.0,0.01,1.9,1.0,nonToxic
CuO,CuO,46.3,42.8,24.1,,literature_mined,,,-5.17,,,12.0,239.0,0.1,1.9,1.0,nonToxic
CuO,CuO,46.3,42.8,24.1,,literature_mined,,,-5.17,,,12.0,239.0,1.0,1.9,1.0,nonToxic
CuO,CuO,46.3,42.8,24.1,,literature_mined,,,-5.17,,,12.0,239.0,5.0,1.9,1.0,nonToxic
CuO,CuO,46.3,42.8,24.1,,literature_mined,,,-5.17,,,12.0,239.0,10.0,1.9,1.0,nonToxic
CuO,CuO,46.3,42.8,24.1,,literature_mined,,,-5.17,,,12.0,239.0,20.0,1.9,1.0,Toxic
CuO,CuO,46.3,42.8,24.1,,literature_mined,,,-5.17,,,12.0,239.0,50.0,1.9,1.0,Toxic
CuO,CuO,46.3,42.8,24.1,,literature_mined,,,-5.17,,,12.0,239.0,100.0,1.9,1.0,Toxic
Fe2O3,Fe2O3,42.5,-8.2,82.8,,literature_mined,,,-4.99,,,24.0,957.0,0.001,1.83,3.0,nonToxic
Fe2O3,Fe2O3,42.5,-8.2,82.8,,literature_mined,,,-4.99,,,24.0,957.0,0.01,1.83,3.0,nonToxic
Fe2O3,Fe2O3,42.5,-8.2,82.8,,literature_mined,,,-4.99,,,24.0,957.0,0.1,1.83,3.0,nonToxic
Fe2O3,Fe2O3,42.5,-8.2,82.8,,literature_mined,,,-4.99,,,24.0,957.0,1.0,1.83,3.0,nonToxic
Fe2O3,Fe2O3,42.5,-8.2,82.8,,literature_mined,,,-4.99,,,24.0,957.0,5.0,1.83,3.0,nonToxic
Fe2O3,Fe2O3,42.5,-8.2,82.8,,literature_mined,,,-4.99,,,24.0,957.0,10.0,1.83,3.0,nonToxic
Fe2O3,Fe2O3,42.5,-8.2,82.8,,literature_mined,,,-4.99,,,24.0,957.0,20.0,1.83,3.0,nonToxic
Fe2O3,Fe2O3,42.5,-8.2,82.8,,literature_mined,,,-4.99,,,24.0,957.0,50.0,1.83,3.0,nonToxic
Fe2O3,Fe2O3,42.5,-8.2,82.8,,literature_mined,,,-4.99,,,24.0,957.0,100.0,1.83,3.0,nonToxic
Fe2O3,Fe2O3,42.5,-8.2,82.8,,literature_mined,,,-4.99,,,12.0,957.0,0.001,1.83,3.0,nonToxic
Fe2O3,Fe2O3,42.5,-8.2,82.8,,literature_mined,,,-4.99,,,12.0,957.0,0.01,1.83,3.0,nonToxic
Fe2O3,Fe2O3,42.5,-8.2,82.8,,literature_mined,,,-4.99,,,12.0,957.0,0.1,1.83,3.0,nonToxic
Fe2O3,Fe2O3,42.5,-8.2,82.8,,literature_mined,,,-4.99,,,12.0,957.0,1.0,1.83,3.0,nonToxic
Fe2O3,Fe2O3,42.5,-8.2,82.8,,literature_mined,,,-4.99,,,12.0,957.0,5.0,1.83,3.0,nonToxic
Fe2O3,Fe2O3,42.5,-8.2,82.8,,literature_mined,,,-4.99,,,12.0,957.0,10.0,1.83,3.0,nonToxic
Fe2O3,Fe2O3,42.5,-8.2,82.8,,literature_mined,,,-4.99,,,12.0,957.0,20.0,1.83,3.0,nonToxic
Fe2O3,Fe2O3,42.5,-8.2,82.8,,literature_mined,,,-4.99,,,12.0,957.0,50.0,1.83,3.0,nonToxic
Fe2O3,Fe2O3,42.5,-8.2,82.8,,literature_mined,,,-4.99,,,12.0,957.0,100.0,1.83,3.0,nonToxic
TiO2,TiO2,25.0,-10.7,210.0,,literature_mined,,,-4.16,,,24.0,504.5,1e-05,1.54,2.0,nonToxic
TiO2,TiO2,25.0,-10.7,210.0,,literature_mined,,,-4.16,,,24.0,504.5,20.0,1.54,2.0,nonToxic
TiO2,TiO2,25.0,-10.7,210.0,,literature_mined,,,-4.16,,,24.0,504.5,40.0,1.54,2.0,nonToxic
TiO2,TiO2,25.0,-10.7,210.0,,literature_mined,,,-4.16,,,24.0,504.5,60.0,1.54,2.0,nonToxic
TiO2,TiO2,25.0,-10.7,210.0,,literature_mined,,,-4.16,,,24.0,504.5,80.0,1.54,2.0,nonToxic
TiO2,TiO2,25.0,-10.7,210.0,,literature_mined,,,-4.16,,,24.0,504.5,100.0,1.54,2.0,nonToxic
TiO2,TiO2,25.0,-10.7,210.0,,literature_mined,,,-4.16,,,24.0,504.5,120.0,1.54,2.0,nonToxic
TiO2,TiO2,25.0,-10.7,210.0,,literature_mined,,,-4.16,,,24.0,504.5,150.0,1.54,2.0,nonToxic
TiO2,TiO2,25.0,-10.7,210.0,,literature_mined,,,-4.16,,,6.0,504.5,1e-05,1.54,2.0,nonToxic
TiO2,TiO2,25.0,-10.7,210.0,,literature_mined,,,-4.16,,,6.0,504.5,20.0,1.54,2.0,nonToxic
TiO2,TiO2,25.0,-10.7,210.0,,literature_mined,,,-4.16,,,6.0,504.5,40.0,1.54,2.0,nonToxic
TiO2,TiO2,25.0,-10.7,210.0,,literature_mined,,,-4.16,,,6.0,504.5,60.0,1.54,2.0,nonToxic
TiO2,TiO2,25.0,-10.7,210.0,,literature_mined,,,-4.16,,,6.0,504.5,80.0,1.54,2.0,nonToxic
TiO2,TiO2,25.0,-10.7,210.0,,literature_mined,,,-4.16,,,6.0,504.5,100.0,1.54,2.0,nonToxic
TiO2,TiO2,25.0,-10.7,210.0,,literature_mined,,,-4.16,,,6.0,504.5,120.0,1.54,2.0,nonToxic
TiO2,TiO2,25.0,-10.7,210.0,,literature_mined,,,-4.16,,,6.0,504.5,150.0,1.54,2.0,nonToxic
TiO2,TiO2,25.0,-10.7,210.0,,literature_mined,,,-4.16,,,3.0,504.5,1e-05,1.54,2.0,nonToxic
TiO2,TiO2,25.0,-10.7,210.0,,literature_mined,,,-4.16,,,3.0,504.5,20.0,1.54,2.0,nonToxic
TiO2,TiO2,25.0,-10.7,210.0,,literature_mined,,,-4.16,,,3.0,504.5,40.0,1.54,2.0,nonToxic
TiO2,TiO2,25.0,-10.7,210.0,,literature_mined,,,-4.16,,,3.0,504.5,60.0,1.54,2.0,nonToxic
TiO2,TiO2,25.0,-10.7,210.0,,literature_mined,,,-4.16,,,3.0,504.5,80.0,1.54,2.0,nonToxic
TiO2,TiO2,25.0,-10.7,210.0,,literature_mined,,,-4.16,,,3.0,504.5,100.0,1.54,2.0,nonToxic
TiO2,TiO2,25.0,-10.7,210.0,,literature_mined,,,-4.16,,,3.0,504.5,120.0,1.54,2.0,nonToxic
TiO2,TiO2,25.0,-10.7,210.0,,literature_mined,,,-4.16,,,3.0,504.5,150.0,1.54,2.0,nonToxic
TiO2,TiO2,25.0,-10.7,210.0,,literature_mined,,,-4.16,,,24.0,504.5,1e-05,1.54,2.0,nonToxic
TiO2,TiO2,25.0,-10.7,210.0,,literature_mined,,,-4.16,,,24.0,504.5,20.0,1.54,2.0,nonToxic
TiO2,TiO2,25.0,-10.7,210.0,,literature_mined,,,-4.16,,,24.0,504.5,40.0,1.54,2.0,nonToxic
TiO2,TiO2,25.0,-10.7,210.0,,literature_mined,,,-4.16,,,24.0,504.5,60.0,1.54,2.0,nonToxic
TiO2,TiO2,25.0,-10.7,210.0,,literature_mined,,,-4.16,,,24.0,504.5,80.0,1.54,2.0,nonToxic
TiO2,TiO2,25.0,-10.7,210.0,,literature_mined,,,-4.16,,,24.0,504.5,100.0,1.54,2.0,nonToxic
TiO2,TiO2,25.0,-10.7,210.0,,literature_mined,,,-4.16,,,24.0,504.5,120.0,1.54,2.0,nonToxic
TiO2,TiO2,25.0,-10.7,210.0,,literature_mined,,,-4.16,,,24.0,504.5,150.0,1.54,2.0,nonToxic
TiO2,TiO2,25.0,-10.7,210.0,,literature_mined,,,-4.16,,,6.0,504.5,1e-05,1.54,2.0,nonToxic
TiO2,TiO2,25.0,-10.7,210.0,,literature_mined,,,-4.16,,,6.0,504.5,20.0,1.54,2.0,nonToxic
TiO2,TiO2,25.0,-10.7,210.0,,literature_mined,,,-4.16,,,6.0,504.5,40.0,1.54,2.0,nonToxic
TiO2,TiO2,25.0,-10.7,210.0,,literature_mined,,,-4.16,,,6.0,504.5,60.0,1.54,2.0,nonToxic
TiO2,TiO2,25.0,-10.7,210.0,,literature_mined,,,-4.16,,,6.0,504.5,80.0,1.54,2.0,nonToxic
TiO2,TiO2,25.0,-10.7,210.0,,literature_mined,,,-4.16,,,6.0,504.5,100.0,1.54,2.0,nonToxic
TiO2,TiO2,25.0,-10.7,210.0,,literature_mined,,,-4.16,,,6.0,504.5,120.0,1.54,2.0,nonToxic
TiO2,TiO2,25.0,-10.7,210.0,,literature_mined,,,-4.16,,,6.0,504.5,150.0,1.54,2.0,nonToxic
TiO2,TiO2,25.0,-10.7,210.0,,literature_mined,,,-4.16,,,3.0,504.5,1e-05,1.54,2.0,nonToxic
TiO2,TiO2,25.0,-10.7,210.0,,literature_mined,,,-4.16,,,3.0,504.5,20.0,1.54,2.0,nonToxic
TiO2,TiO2,25.0,-10.7,210.0,,literature_mined,,,-4.16,,,3.0,504.5,40.0,1.54,2.0,nonToxic
TiO2,TiO2,25.0,-10.7,210.0,,literature_mined,,,-4.16,,,3.0,504.5,60.0,1.54,2.0,nonToxic
TiO2,TiO2,25.0,-10.7,210.0,,literature_mined,,,-4.16,,,3.0,504.5,80.0,1.54,2.0,nonToxic
TiO2,TiO2,25.0,-10.7,210.0,,literature_mined,,,-4.16,,,3.0,504.5,100.0,1.54,2.0,nonToxic
TiO2,TiO2,25.0,-10.7,210.0,,literature_mined,,,-4.16,,,3.0,504.5,120.0,1.54,2.0,nonToxic
TiO2,TiO2,25.0,-10.7,210.0,,literature_mined,,,-4.16,,,3.0,504.5,150.0,1.54,2.0,nonToxic
TiO2,TiO2,25.0,-10.7,40.0,,literature_mined,,,-4.16,,,24.0,228.3,1e-05,1.54,2.0,nonToxic
TiO2,TiO2,25.0,-10.7,40.0,,literature_mined,,,-4.16,,,24.0,228.3,20.0,1.54,2.0,nonToxic
TiO2,TiO2,25.0,-10.7,40.0,,literature_mined,,,-4.16,,,24.0,228.3,40.0,1.54,2.0,nonToxic
TiO2,TiO2,25.0,-10.7,40.0,,literature_mined,,,-4.16,,,24.0,228.3,60.0,1.54,2.0,nonToxic
TiO2,TiO2,25.0,-10.7,40.0,,literature_mined,,,-4.16,,,24.0,228.3,80.0,1.54,2.0,nonToxic
TiO2,TiO2,25.0,-10.7,40.0,,literature_mined,,,-4.16,,,24.0,228.3,100.0,1.54,2.0,nonToxic
TiO2,TiO2,25.0,-10.7,40.0,,literature_mined,,,-4.16,,,24.0,228.3,120.0,1.54,2.0,nonToxic
TiO2,TiO2,25.0,-10.7,40.0,,literature_mined,,,-4.16,,,24.0,228.3,150.0,1.54,2.0,nonToxic
TiO2,TiO2,25.0,-10.7,40.0,,literature_mined,,,-4.16,,,6.0,228.3,1e-05,1.54,2.0,nonToxic
TiO2,TiO2,25.0,-10.7,40.0,,literature_mined,,,-4.16,,,6.0,228.3,20.0,1.54,2.0,nonToxic
TiO2,TiO2,25.0,-10.7,40.0,,literature_mined,,,-4.16,,,6.0,228.3,40.0,1.54,2.0,nonToxic
TiO2,TiO2,25.0,-10.7,40.0,,literature_mined,,,-4.16,,,6.0,228.3,60.0,1.54,2.0,nonToxic
TiO2,TiO2,25.0,-10.7,40.0,,literature_mined,,,-4.16,,,6.0,228.3,80.0,1.54,2.0,nonToxic
TiO2,TiO2,25.0,-10.7,40.0,,literature_mined,,,-4.16,,,6.0,228.3,100.0,1.54,2.0,nonToxic
TiO2,TiO2,25.0,-10.7,40.0,,literature_mined,,,-4.16,,,6.0,228.3,120.0,1.54,2.0,nonToxic
TiO2,TiO2,25.0,-10.7,40.0,,literature_mined,,,-4.16,,,6.0,228.3,150.0,1.54,2.0,nonToxic
TiO2,TiO2,25.0,-10.7,40.0,,literature_mined,,,-4.16,,,3.0,228.3,1e-05,1.54,2.0,nonToxic
TiO2,TiO2,25.0,-10.7,40.0,,literature_mined,,,-4.16,,,3.0,228.3,20.0,1.54,2.0,nonToxic
TiO2,TiO2,25.0,-10.7,40.0,,literature_mined,,,-4.16,,,3.0,228.3,40.0,1.54,2.0,nonToxic
TiO2,TiO2,25.0,-10.7,40.0,,literature_mined,,,-4.16,,,3.0,228.3,60.0,1.54,2.0,nonToxic
TiO2,TiO2,25.0,-10.7,40.0,,literature_mined,,,-4.16,,,3.0,228.3,80.0,1.54,2.0,nonToxic
TiO2,TiO2,25.0,-10.7,40.0,,literature_mined,,,-4.16,,,3.0,228.3,100.0,1.54,2.0,nonToxic
TiO2,TiO2,25.0,-10.7,40.0,,literature_mined,,,-4.16,,,3.0,228.3,120.0,1.54,2.0,nonToxic
TiO2,TiO2,25.0,-10.7,40.0,,literature_mined,,,-4.16,,,3.0,228.3,150.0,1.54,2.0,nonToxic
TiO2,TiO2,25.0,-10.7,40.0,,literature_mined,,,-4.16,,,24.0,228.3,1e-05,1.54,2.0,nonToxic
TiO2,TiO2,25.0,-10.7,40.0,,literature_mined,,,-4.16,,,24.0,228.3,20.0,1.54,2.0,nonToxic
TiO2,TiO2,25.0,-10.7,40.0,,literature_mined,,,-4.16,,,24.0,228.3,40.0,1.54,2.0,nonToxic
TiO2,TiO2,25.0,-10.7,40.0,,literature_mined,,,-4.16,,,24.0,228.3,60.0,1.54,2.0,nonToxic
TiO2,TiO2,25.0,-10.7,40.0,,literature_mined,,,-4.16,,,24.0,228.3,80.0,1.54,2.0,nonToxic
TiO2,TiO2,25.0,-10.7,40.0,,literature_mined,,,-4.16,,,24.0,228.3,100.0,1.54,2.0,nonToxic
TiO2,TiO2,25.0,-10.7,40.0,,literature_mined,,,-4.16,,,24.0,228.3,120.0,1.54,2.0,nonToxic
TiO2,TiO2,25.0,-10.7,40.0,,literature_mined,,,-4.16,,,24.0,228.3,150.0,1.54,2.0,nonToxic
TiO2,TiO2,25.0,-10.7,40.0,,literature_mined,,,-4.16,,,6.0,228.3,1e-05,1.54,2.0,nonToxic
TiO2,TiO2,25.0,-10.7,40.0,,literature_mined,,,-4.16,,,6.0,228.3,20.0,1.54,2.0,nonToxic
TiO2,TiO2,25.0,-10.7,40.0,,literature_mined,,,-4.16,,,6.0,228.3,40.0,1.54,2.0,nonToxic
TiO2,TiO2,25.0,-10.7,40.0,,literature_mined,,,-4.16,,,6.0,228.3,60.0,1.54,2.0,nonToxic
TiO2,TiO2,25.0,-10.7,40.0,,literature_mined,,,-4.16,,,6.0,228.3,80.0,1.54,2.0,nonToxic
TiO2,TiO2,25.0,-10.7,40.0,,literature_mined,,,-4.16,,,6.0,228.3,100.0,1.54,2.0,nonToxic
TiO2,TiO2,25.0,-10.7,40.0,,literature_mined,,,-4.16,,,6.0,228.3,120.0,1.54,2.0,nonToxic
TiO2,TiO2,25.0,-10.7,40.0,,literature_mined,,,-4.16,,,6.0,228.3,150.0,1.54,2.0,nonToxic
TiO2,TiO2,25.0,-10.7,40.0,,literature_mined,,,-4.16,,,3.0,228.3,1e-05,1.54,2.0,nonToxic
TiO2,TiO2,25.0,-10.7,40.0,,literature_mined,,,-4.16,,,3.0,228.3,20.0,1.54,2.0,nonToxic
TiO2,TiO2,25.0,-10.7,40.0,,literature_mined,,,-4.16,,,3.0,228.3,40.0,1.54,2.0,nonToxic
TiO2,TiO2,25.0,-10.7,40.0,,literature_mined,,,-4.16,,,3.0,228.3,60.0,1.54,2.0,nonToxic
TiO2,TiO2,25.0,-10.7,40.0,,literature_mined,,,-4.16,,,3.0,228.3,80.0,1.54,2.0,nonToxic
TiO2,TiO2,25.0,-10.7,40.0,,literature_mined,,,-4.16,,,3.0,228.3,100.0,1.54,2.0,nonToxic
TiO2,TiO2,25.0,-10.7,40.0,,literature_mined,,,-4.16,,,3.0,228.3,120.0,1.54,2.0,nonToxic
TiO2,TiO2,25.0,-10.7,40.0,,literature_mined,,,-4.16,,,3.0,228.3,150.0,1.54,2.0,nonToxic
TiO2,TiO2,21.0,-9.42,57.0,,literature_mined,,,-4.16,,,24.0,74.0,1e-05,1.54,2.0,nonToxic
TiO2,TiO2,21.0,-9.42,57.0,,literature_mined,,,-4.16,,,24.0,74.0,150.0,1.54,2.0,nonToxic
TiO2,TiO2,21.0,-9.42,57.0,,literature_mined,,,-4.16,,,24.0,74.0,1e-05,1.54,2.0,nonToxic
TiO2,TiO2,21.0,-9.42,57.0,,literature_mined,,,-4.16,,,24.0,74.0,150.0,1.54,2.0,nonToxic
TiO2,TiO2,21.0,-9.42,57.0,,literature_mined,,,-4.16,,,24.0,74.0,1e-05,1.54,2.0,nonToxic
TiO2,TiO2,21.0,-9.42,57.0,,literature_mined,,,-4.16,,,24.0,74.0,150.0,1.54,2.0,nonToxic
TiO2,TiO2,21.0,-9.42,57.0,,literature_mined,,,-4.16,,,24.0,74.0,1e-05,1.54,2.0,nonToxic
TiO2,TiO2,21.0,-9.42,57.0,,literature_mined,,,-4.16,,,24.0,74.0,150.0,1.54,2.0,nonToxic
TiO2,TiO2,21.0,-9.42,57.0,,literature_mined,,,-4.16,,,24.0,74.0,1e-05,1.54,2.0,nonToxic
TiO2,TiO2,21.0,-9.42,57.0,,literature_mined,,,-4.16,,,24.0,74.0,150.0,1.54,2.0,nonToxic
TiO2,TiO2,21.0,-9.42,57.0,,literature_mined,,,-4.16,,,24.0,74.0,1e-05,1.54,2.0,nonToxic
TiO2,TiO2,21.0,-9.42,57.0,,literature_mined,,,-4.16,,,24.0,74.0,150.0,1.54,2.0,nonToxic
TiO2,TiO2,21.0,-9.42,57.0,,literature_mined,,,-4.16,,,24.0,133.0,1e-05,1.54,2.0,nonToxic
TiO2,TiO2,21.0,-9.42,57.0,,literature_mined,,,-4.16,,,24.0,133.0,150.0,1.54,2.0,nonToxic
TiO2,TiO2,21.0,-9.42,57.0,,literature_mined,,,-4.16,,,24.0,133.0,1e-05,1.54,2.0,nonToxic
TiO2,TiO2,21.0,-9.42,57.0,,literature_mined,,,-4.16,,,24.0,133.0,150.0,1.54,2.0,nonToxic
TiO2,TiO2,21.0,-9.42,57.0,,literature_mined,,,-4.16,,,24.0,327.0,1e-05,1.54,2.0,nonToxic
TiO2,TiO2,21.0,-9.42,57.0,,literature_mined,,,-4.16,,,24.0,327.0,1e-05,1.54,2.0,nonToxic
TiO2,TiO2,40.0,-25.27,50.0,,literature_mined,,,-4.16,,,24.0,322.3,1e-05,1.54,2.0,nonToxic
TiO2,TiO2,40.0,-25.27,50.0,,literature_mined,,,-4.16,,,24.0,322.3,1.0,1.54,2.0,nonToxic
TiO2,TiO2,40.0,-25.27,50.0,,literature_mined,,,-4.16,,,24.0,322.3,5.0,1.54,2.0,nonToxic
TiO2,TiO2,40.0,-25.27,50.0,,literature_mined,,,-4.16,,,24.0,322.3,10.0,1.54,2.0,nonToxic
TiO2,TiO2,40.0,-25.27,50.0,,literature_mined,,,-4.16,,,12.0,322.3,1e-05,1.54,2.0,nonToxic
TiO2,TiO2,40.0,-25.27,50.0,,literature_mined,,,-4.16,,,12.0,322.3,1.0,1.54,2.0,nonToxic
TiO2,TiO2,40.0,-25.27,50.0,,literature_mined,,,-4.16,,,12.0,322.3,5.0,1.54,2.0,nonToxic
TiO2,TiO2,40.0,-25.27,50.0,,literature_mined,,,-4.16,,,12.0,322.3,10.0,1.54,2.0,nonToxic
TiO2,TiO2,40.0,-25.27,50.0,,literature_mined,,,-4.16,,,6.0,322.3,1e-05,1.54,2.0,nonToxic
TiO2,TiO2,40.0,-25.27,50.0,,literature_mined,,,-4.16,,,6.0,322.3,1.0,1.54,2.0,nonToxic
TiO2,TiO2,40.0,-25.27,50.0,,literature_mined,,,-4.16,,,6.0,322.3,5.0,1.54,2.0,nonToxic
TiO2,TiO2,40.0,-25.27,50.0,,literature_mined,,,-4.16,,,6.0,322.3,10.0,1.54,2.0,nonToxic
TiO2,TiO2,20.0,-12.1,50.4,,literature_mined,,,-4.16,,,24.0,707.0,1e-05,1.54,2.0,nonToxic
TiO2,TiO2,20.0,-12.1,50.4,,literature_mined,,,-4.16,,,24.0,707.0,10.0,1.54,2.0,nonToxic
TiO2,TiO2,20.0,-12.1,50.4,,literature_mined,,,-4.16,,,24.0,707.0,30.0,1.54,2.0,nonToxic
TiO2,TiO2,20.0,-12.1,50.4,,literature_mined,,,-4.16,,,24.0,707.0,100.0,1.54,2.0,nonToxic
TiO2,TiO2,20.0,-12.1,50.4,,literature_mined,,,-4.16,,,24.0,707.0,300.0,1.54,2.0,nonToxic
TiO2,TiO2,10.0,-11.0,166.0,,literature_mined,,,-4.16,,,24.0,1457.0,1e-05,1.54,2.0,nonToxic
TiO2,TiO2,10.0,-11.0,166.0,,literature_mined,,,-4.16,,,24.0,1457.0,10.0,1.54,2.0,nonToxic
TiO2,TiO2,10.0,-11.0,166.0,,literature_mined,,,-4.16,,,24.0,1457.0,30.0,1.54,2.0,nonToxic
TiO2,TiO2,10.0,-11.0,166.0,,literature_mined,,,-4.16,,,24.0,1457.0,100.0,1.54,2.0,nonToxic
TiO2,TiO2,10.0,-11.0,166.0,,literature_mined,,,-4.16,,,24.0,1457.0,300.0,1.54,2.0,nonToxic
TiO2,TiO2,35.0,-35.5,66.0,,literature_mined,,,-4.16,,,72.0,1814.0,1e-05,1.54,2.0,nonToxic
TiO2,TiO2,35.0,-35.5,66.0,,literature_mined,,,-4.16,,,72.0,1814.0,6.25,1.54,2.0,nonToxic
TiO2,TiO2,35.0,-35.5,66.0,,literature_mined,,,-4.16,,,72.0,1814.0,12.5,1.54,2.0,nonToxic
TiO2,TiO2,35.0,-35.5,66.0,,literature_mined,,,-4.16,,,72.0,1814.0,25.0,1.54,2.0,nonToxic
TiO2,TiO2,35.0,-35.5,66.0,,literature_mined,,,-4.16,,,72.0,1814.0,50.0,1.54,2.0,nonToxic
TiO2,TiO2,35.0,-35.5,66.0,,literature_mined,,,-4.16,,,12.0,1814.0,1e-05,1.54,2.0,nonToxic
TiO2,TiO2,35.0,-35.5,66.0,,literature_mined,,,-4.16,,,12.0,1814.0,6.25,1.54,2.0,nonToxic
TiO2,TiO2,35.0,-35.5,66.0,,literature_mined,,,-4.16,,,12.0,1814.0,12.5,1.54,2.0,nonToxic
TiO2,TiO2,35.0,-35.5,66.0,,literature_mined,,,-4.16,,,12.0,1814.0,25.0,1.54,2.0,nonToxic
TiO2,TiO2,35.0,-35.5,66.0,,literature_mined,,,-4.16,,,12.0,1814.0,50.0,1.54,2.0,nonToxic
TiO2,TiO2,30.0,-30.8,69.0,,literature_mined,,,-4.16,,,72.0,1843.0,1e-05,1.54,2.0,nonToxic
TiO2,TiO2,30.0,-30.8,69.0,,literature_mined,,,-4.16,,,72.0,1843.0,6.25,1.54,2.0,nonToxic
TiO2,TiO2,30.0,-30.8,69.0,,literature_mined,,,-4.16,,,72.0,1843.0,12.5,1.54,2.0,nonToxic
TiO2,TiO2,30.0,-30.8,69.0,,literature_mined,,,-4.16,,,72.0,1843.0,25.0,1.54,2.0,nonToxic
TiO2,TiO2,30.0,-30.8,69.0,,literature_mined,,,-4.16,,,72.0,1843.0,50.0,1.54,2.0,nonToxic
TiO2,TiO2,30.0,-30.8,69.0,,literature_mined,,,-4.16,,,12.0,1843.0,1e-05,1.54,2.0,nonToxic
TiO2,TiO2,30.0,-30.8,69.0,,literature_mined,,,-4.16,,,12.0,1843.0,6.25,1.54,2.0,nonToxic
TiO2,TiO2,30.0,-30.8,69.0,,literature_mined,,,-4.16,,,12.0,1843.0,12.5,1.54,2.0,nonToxic
TiO2,TiO2,30.0,-30.8,69.0,,literature_mined,,,-4.16,,,12.0,1843.0,25.0,1.54,2.0,nonToxic
TiO2,TiO2,30.0,-30.8,69.0,,literature_mined,,,-4.16,,,12.0,1843.0,50.0,1.54,2.0,nonToxic
TiO2,TiO2,125.0,-40.8,38.0,,literature_mined,,,-4.16,,,72.0,1054.0,1e-05,1.54,2.0,nonToxic
TiO2,TiO2,125.0,-40.8,38.0,,literature_mined,,,-4.16,,,72.0,1054.0,6.25,1.54,2.0,nonToxic
TiO2,TiO2,125.0,-40.8,38.0,,literature_mined,,,-4.16,,,72.0,1054.0,12.5,1.54,2.0,nonToxic
TiO2,TiO2,125.0,-40.8,38.0,,literature_mined,,,-4.16,,,72.0,1054.0,25.0,1.54,2.0,nonToxic
TiO2,TiO2,125.0,-40.8,38.0,,literature_mined,,,-4.16,,,72.0,1054.0,50.0,1.54,2.0,Toxic
TiO2,TiO2,125.0,-40.8,38.0,,literature_mined,,,-4.16,,,12.0,1054.0,1e-05,1.54,2.0,nonToxic
TiO2,TiO2,125.0,-40.8,38.0,,literature_mined,,,-4.16,,,12.0,1054.0,6.25,1.54,2.0,nonToxic
TiO2,TiO2,125.0,-40.8,38.0,,literature_mined,,,-4.16,,,12.0,1054.0,12.5,1.54,2.0,nonToxic
TiO2,TiO2,125.0,-40.8,38.0,,literature_mined,,,-4.16,,,12.0,1054.0,25.0,1.54,2.0,nonToxic
TiO2,TiO2,125.0,-40.8,38.0,,literature_mined,,,-4.16,,,12.0,1054.0,50.0,1.54,2.0,nonToxic
TiO2,TiO2,33.7,-25.3,42.5,,literature_mined,,,-4.16,,,24.0,303.0,0.1,1.54,2.0,nonToxic
TiO2,TiO2,33.7,-25.3,42.5,,literature_mined,,,-4.16,,,24.0,303.0,1.0,1.54,2.0,nonToxic
TiO2,TiO2,33.7,-25.3,42.5,,literature_mined,,,-4.16,,,24.0,303.0,10.0,1.54,2.0,nonToxic
TiO2,TiO2,33.7,-25.3,42.5,,literature_mined,,,-4.16,,,24.0,303.0,0.1,1.54,2.0,nonToxic
TiO2,TiO2,33.7,-25.3,42.5,,literature_mined,,,-4.16,,,24.0,303.0,1.0,1.54,2.0,nonToxic
TiO2,TiO2,33.7,-25.3,42.5,,literature_mined,,,-4.16,,,24.0,303.0,10.0,1.54,2.0,nonToxic
TiO2,TiO2,33.7,-25.3,42.5,,literature_mined,,,-4.16,,,24.0,308.0,0.1,1.54,2.0,nonToxic
TiO2,TiO2,33.7,-25.3,42.5,,literature_mined,,,-4.16,,,24.0,308.0,1.0,1.54,2.0,nonToxic
TiO2,TiO2,33.7,-25.3,42.5,,literature_mined,,,-4.16,,,24.0,308.0,10.0,1.54,2.0,nonToxic
TiO2,TiO2,33.7,-25.3,42.5,,literature_mined,,,-4.16,,,24.0,308.0,100.0,1.54,2.0,nonToxic
TiO2,TiO2,33.7,-25.3,42.5,,literature_mined,,,-4.16,,,24.0,308.0,0.1,1.54,2.0,nonToxic
TiO2,TiO2,33.7,-25.3,42.5,,literature_mined,,,-4.16,,,24.0,308.0,1.0,1.54,2.0,nonToxic
TiO2,TiO2,33.7,-25.3,42.5,,literature_mined,,,-4.16,,,24.0,308.0,10.0,1.54,2.0,nonToxic
TiO2,TiO2,33.7,-25.3,42.5,,literature_mined,,,-4.16,,,24.0,308.0,100.0,1.54,2.0,nonToxic
TiO2,TiO2,33.7,-25.3,42.5,,literature_mined,,,-4.16,,,48.0,303.0,0.1,1.54,2.0,nonToxic
TiO2,TiO2,33.7,-25.3,42.5,,literature_mined,,,-4.16,,,48.0,303.0,1.0,1.54,2.0,nonToxic
TiO2,TiO2,33.7,-25.3,42.5,,literature_mined,,,-4.16,,,48.0,303.0,10.0,1.54,2.0,nonToxic
TiO2,TiO2,33.7,-25.3,42.5,,literature_mined,,,-4.16,,,48.0,303.0,100.0,1.54,2.0,nonToxic
TiO2,TiO2,33.7,-25.3,42.5,,literature_mined,,,-4.16,,,24.0,303.0,0.1,1.54,2.0,nonToxic
TiO2,TiO2,33.7,-25.3,42.5,,literature_mined,,,-4.16,,,24.0,303.0,1.0,1.54,2.0,nonToxic
TiO2,TiO2,33.7,-25.3,42.5,,literature_mined,,,-4.16,,,24.0,303.0,10.0,1.54,2.0,nonToxic
TiO2,TiO2,33.7,-25.3,42.5,,literature_mined,,,-4.16,,,48.0,308.0,0.1,1.54,2.0,nonToxic
TiO2,TiO2,33.7,-25.3,42.5,,literature_mined,,,-4.16,,,48.0,308.0,1.0,1.54,2.0,nonToxic
TiO2,TiO2,33.7,-25.3,42.5,,literature_mined,,,-4.16,,,48.0,308.0,10.0,1.54,2.0,nonToxic
TiO2,TiO2,33.7,-25.3,42.5,,literature_mined,,,-4.16,,,48.0,308.0,100.0,1.54,2.0,nonToxic
TiO2,TiO2,33.7,-25.3,42.5,,literature_mined,,,-4.16,,,24.0,308.0,0.1,1.54,2.0,nonToxic
TiO2,TiO2,33.7,-25.3,42.5,,literature_mined,,,-4.16,,,24.0,308.0,1.0,1.54,2.0,nonToxic
TiO2,TiO2,33.7,-25.3,42.5,,literature_mined,,,-4.16,,,24.0,308.0,10.0,1.54,2.0,nonToxic
TiO2,TiO2,33.7,-25.3,42.5,,literature_mined,,,-4.16,,,24.0,308.0,100.0,1.54,2.0,nonToxic
ZnO,ZnO,45.3,32.7,21.3,,literature_mined,,,-3.89,,,24.0,310.0,0.001,1.65,1.0,nonToxic
ZnO,ZnO,45.3,32.7,21.3,,literature_mined,,,-3.89,,,24.0,310.0,0.01,1.65,1.0,nonToxic
ZnO,ZnO,45.3,32.7,21.3,,literature_mined,,,-3.89,,,24.0,310.0,0.1,1.65,1.0,nonToxic
ZnO,ZnO,45.3,32.7,21.3,,literature_mined,,,-3.89,,,24.0,310.0,1.0,1.65,1.0,nonToxic
ZnO,ZnO,45.3,32.7,21.3,,literature_mined,,,-3.89,,,24.0,310.0,5.0,1.65,1.0,nonToxic
ZnO,ZnO,45.3,32.7,21.3,,literature_mined,,,-3.89,,,24.0,310.0,10.0,1.65,1.0,nonToxic
ZnO,ZnO,45.3,32.7,21.3,,literature_mined,,,-3.89,,,24.0,310.0,20.0,1.65,1.0,Toxic
ZnO,ZnO,45.3,32.7,21.3,,literature_mined,,,-3.89,,,24.0,310.0,50.0,1.65,1.0,Toxic
ZnO,ZnO,45.3,32.7,21.3,,literature_mined,,,-3.89,,,24.0,310.0,100.0,1.65,1.0,Toxic
ZnO,ZnO,45.3,32.7,21.3,,literature_mined,,,-3.89,,,12.0,310.0,0.001,1.65,1.0,nonToxic
ZnO,ZnO,45.3,32.7,21.3,,literature_mined,,,-3.89,,,12.0,310.0,0.01,1.65,1.0,nonToxic
ZnO,ZnO,45.3,32.7,21.3,,literature_mined,,,-3.89,,,12.0,310.0,0.1,1.65,1.0,nonToxic
ZnO,ZnO,45.3,32.7,21.3,,literature_mined,,,-3.89,,,12.0,310.0,1.0,1.65,1.0,nonToxic
ZnO,ZnO,45.3,32.7,21.3,,literature_mined,,,-3.89,,,12.0,310.0,5.0,1.65,1.0,nonToxic
ZnO,ZnO,45.3,32.7,21.3,,literature_mined,,,-3.89,,,12.0,310.0,10.0,1.65,1.0,nonToxic
ZnO,ZnO,45.3,32.7,21.3,,literature_mined,,,-3.89,,,12.0,310.0,20.0,1.65,1.0,nonToxic
ZnO,ZnO,45.3,32.7,21.3,,literature_mined,,,-3.89,,,12.0,310.0,50.0,1.65,1.0,Toxic
ZnO,ZnO,45.3,32.7,21.3,,literature_mined,,,-3.89,,,12.0,310.0,100.0,1.65,1.0,Toxic
ZnO,ZnO,115.0,-10.0,14.4,,literature_mined,,,-3.89,,,24.0,360.0,10.0,1.65,1.0,nonToxic
ZnO,ZnO,115.0,-10.0,14.4,,literature_mined,,,-3.89,,,24.0,360.0,20.0,1.65,1.0,nonToxic
ZnO,ZnO,115.0,-10.0,14.4,,literature_mined,,,-3.89,,,24.0,360.0,30.0,1.65,1.0,Toxic
ZnO,ZnO,115.0,-10.0,14.4,,literature_mined,,,-3.89,,,24.0,360.0,50.0,1.65,1.0,Toxic
ZnO,ZnO,115.0,-10.0,14.4,,literature_mined,,,-3.89,,,24.0,360.0,80.0,1.65,1.0,Toxic
ZnO,ZnO,115.0,-9.0,14.5,,literature_mined,,,-3.89,,,24.0,500.0,10.0,1.65,1.0,nonToxic
ZnO,ZnO,115.0,-9.0,14.5,,literature_mined,,,-3.89,,,24.0,500.0,20.0,1.65,1.0,nonToxic
ZnO,ZnO,115.0,-9.0,14.5,,literature_mined,,,-3.89,,,24.0,500.0,30.0,1.65,1.0,nonToxic
ZnO,ZnO,115.0,-9.0,14.5,,literature_mined,,,-3.89,,,24.0,500.0,50.0,1.65,1.0,Toxic
ZnO,ZnO,115.0,-9.0,14.5,,literature_mined,,,-3.89,,,24.0,500.0,80.0,1.65,1.0,Toxic
ZnO,ZnO,115.0,-10.0,14.4,,literature_mined,,,-3.89,,,24.0,360.0,10.0,1.65,1.0,nonToxic
ZnO,ZnO,115.0,-10.0,14.4,,literature_mined,,,-3.89,,,24.0,360.0,20.0,1.65,1.0,nonToxic
ZnO,ZnO,115.0,-10.0,14.4,,literature_mined,,,-3.89,,,24.0,360.0,30.0,1.65,1.0,Toxic
ZnO,ZnO,115.0,-10.0,14.4,,literature_mined,,,-3.89,,,24.0,360.0,50.0,1.65,1.0,Toxic
ZnO,ZnO,115.0,-10.0,14.4,,literature_mined,,,-3.89,,,24.0,360.0,80.0,1.65,1.0,Toxic
ZnO,ZnO,115.0,-9.0,14.5,,literature_mined,,,-3.89,,,24.0,500.0,10.0,1.65,1.0,nonToxic
ZnO,ZnO,115.0,-9.0,14.5,,literature_mined,,,-3.89,,,24.0,500.0,20.0,1.65,1.0,nonToxic
ZnO,ZnO,115.0,-9.0,14.5,,literature_mined,,,-3.89,,,24.0,500.0,30.0,1.65,1.0,Toxic
ZnO,ZnO,115.0,-9.0,14.5,,literature_mined,,,-3.89,,,24.0,500.0,50.0,1.65,1.0,Toxic
ZnO,ZnO,115.0,-9.0,14.5,,literature_mined,,,-3.89,,,24.0,500.0,80.0,1.65,1.0,Toxic
ZnO,ZnO,60.0,-9.3,7.34,,literature_mined,,,-3.89,,,24.0,329.0,1e-05,1.65,1.0,nonToxic
ZnO,ZnO,60.0,-9.3,7.34,,literature_mined,,,-3.89,,,24.0,329.0,5.0,1.65,1.0,nonToxic
ZnO,ZnO,60.0,-9.3,7.34,,literature_mined,,,-3.89,,,24.0,329.0,10.0,1.65,1.0,nonToxic
ZnO,ZnO,60.0,-9.3,7.34,,literature_mined,,,-3.89,,,24.0,329.0,20.0,1.65,1.0,nonToxic
ZnO,ZnO,60.0,-9.3,7.34,,literature_mined,,,-3.89,,,24.0,329.0,40.0,1.65,1.0,Toxic
ZnO,ZnO,60.0,-9.3,7.34,,literature_mined,,,-3.89,,,24.0,329.0,80.0,1.65,1.0,Toxic
ZnO,ZnO,60.0,-7.5,7.34,,literature_mined,,,-3.89,,,24.0,320.0,1e-05,1.65,1.0,nonToxic
ZnO,ZnO,60.0,-7.5,7.34,,literature_mined,,,-3.89,,,24.0,320.0,5.0,1.65,1.0,nonToxic
ZnO,ZnO,60.0,-7.5,7.34,,literature_mined,,,-3.89,,,24.0,320.0,10.0,1.65,1.0,nonToxic
ZnO,ZnO,60.0,-7.5,7.34,,literature_mined,,,-3.89,,,24.0,320.0,20.0,1.65,1.0,Toxic
ZnO,ZnO,60.0,-7.5,7.34,,literature_mined,,,-3.89,,,24.0,320.0,40.0,1.65,1.0,Toxic
ZnO,ZnO,60.0,-7.5,7.34,,literature_mined,,,-3.89,,,24.0,320.0,80.0,1.65,1.0,Toxic
ZnO,ZnO,60.0,-2.4,7.34,,literature_mined,,,-3.89,,,24.0,936.0,1e-05,1.65,1.0,nonToxic
ZnO,ZnO,60.0,-2.4,7.34,,literature_mined,,,-3.89,,,24.0,936.0,5.0,1.65,1.0,nonToxic
ZnO,ZnO,60.0,-2.4,7.34,,literature_mined,,,-3.89,,,24.0,936.0,10.0,1.65,1.0,nonToxic
ZnO,ZnO,60.0,-2.4,7.34,,literature_mined,,,-3.89,,,24.0,936.0,20.0,1.65,1.0,Toxic
ZnO,ZnO,60.0,-2.4,7.34,,literature_mined,,,-3.89,,,24.0,936.0,40.0,1.65,1.0,Toxic
ZnO,ZnO,60.0,-2.4,7.34,,literature_mined,,,-3.89,,,24.0,936.0,80.0,1.65,1.0,Toxic
ZnO,ZnO,100.0,-11.7,20.0,,literature_mined,,,-3.89,,,48.0,273.4,1e-05,1.65,1.0,nonToxic
ZnO,ZnO,100.0,-11.7,20.0,,literature_mined,,,-3.89,,,48.0,273.4,10.0,1.65,1.0,nonToxic
ZnO,ZnO,100.0,-11.7,20.0,,literature_mined,,,-3.89,,,48.0,273.4,15.0,1.65,1.0,nonToxic
ZnO,ZnO,100.0,-11.7,20.0,,literature_mined,,,-3.89,,,48.0,273.4,20.0,1.65,1.0,nonToxic
ZnO,ZnO,100.0,-11.7,20.0,,literature_mined,,,-3.89,,,48.0,273.4,25.0,1.65,1.0,nonToxic
ZnO,ZnO,100.0,-11.7,20.0,,literature_mined,,,-3.89,,,48.0,273.4,30.0,1.65,1.0,nonToxic
ZnO,ZnO,100.0,-11.7,20.0,,literature_mined,,,-3.89,,,48.0,273.4,35.0,1.65,1.0,nonToxic
ZnO,ZnO,100.0,-11.7,20.0,,literature_mined,,,-3.89,,,48.0,273.4,40.0,1.65,1.0,nonToxic
ZnO,ZnO,100.0,-11.7,20.0,,literature_mined,,,-3.89,,,48.0,273.4,80.0,1.65,1.0,nonToxic
ZnO,ZnO,100.0,-11.7,20.0,,literature_mined,,,-3.89,,,24.0,273.4,1e-05,1.65,1.0,nonToxic
ZnO,ZnO,100.0,-11.7,20.0,,literature_mined,,,-3.89,,,24.0,273.4,10.0,1.65,1.0,nonToxic
ZnO,ZnO,100.0,-11.7,20.0,,literature_mined,,,-3.89,,,24.0,273.4,15.0,1.65,1.0,nonToxic
ZnO,ZnO,100.0,-11.7,20.0,,literature_mined,,,-3.89,,,24.0,273.4,20.0,1.65,1.0,nonToxic
ZnO,ZnO,100.0,-11.7,20.0,,literature_mined,,,-3.89,,,24.0,273.4,25.0,1.65,1.0,nonToxic
ZnO,ZnO,100.0,-11.7,20.0,,literature_mined,,,-3.89,,,24.0,273.4,30.0,1.65,1.0,nonToxic
ZnO,ZnO,100.0,-11.7,20.0,,literature_mined,,,-3.89,,,24.0,273.4,35.0,1.65,1.0,nonToxic
ZnO,ZnO,100.0,-11.7,20.0,,literature_mined,,,-3.89,,,24.0,273.4,40.0,1.65,1.0,nonToxic
ZnO,ZnO,100.0,-11.7,20.0,,literature_mined,,,-3.89,,,24.0,273.4,80.0,1.65,1.0,Toxic
ZnO,ZnO,100.0,-11.7,20.0,,literature_mined,,,-3.89,,,6.0,273.4,1e-05,1.65,1.0,nonToxic
ZnO,ZnO,100.0,-11.7,20.0,,literature_mined,,,-3.89,,,6.0,273.4,10.0,1.65,1.0,nonToxic
ZnO,ZnO,100.0,-11.7,20.0,,literature_mined,,,-3.89,,,6.0,273.4,15.0,1.65,1.0,nonToxic
ZnO,ZnO,100.0,-11.7,20.0,,literature_mined,,,-3.89,,,6.0,273.4,20.0,1.65,1.0,nonToxic
ZnO,ZnO,100.0,-11.7,20.0,,literature_mined,,,-3.89,,,6.0,273.4,25.0,1.65,1.0,nonToxic
ZnO,ZnO,100.0,-11.7,20.0,,literature_mined,,,-3.89,,,6.0,273.4,30.0,1.65,1.0,nonToxic
ZnO,ZnO,100.0,-11.7,20.0,,literature_mined,,,-3.89,,,6.0,273.4,35.0,1.65,1.0,nonToxic
ZnO,ZnO,100.0,-11.7,20.0,,literature_mined,,,-3.89,,,6.0,273.4,40.0,1.65,1.0,nonToxic
ZnO,ZnO,100.0,-11.7,20.0,,literature_mined,,,-3.89,,,6.0,273.4,80.0,1.65,1.0,nonToxic
ZnO,ZnO,100.0,-11.7,20.0,,literature_mined,,,-3.89,,,3.0,273.4,1e-05,1.65,1.0,nonToxic
ZnO,ZnO,100.0,-11.7,20.0,,literature_mined,,,-3.89,,,3.0,273.4,10.0,1.65,1.0,nonToxic
ZnO,ZnO,100.0,-11.7,20.0,,literature_mined,,,-3.89,,,3.0,273.4,15.0,1.65,1.0,nonToxic
ZnO,ZnO,100.0,-11.7,20.0,,literature_mined,,,-3.89,,,3.0,273.4,20.0,1.65,1.0,nonToxic
ZnO,ZnO,100.0,-11.7,20.0,,literature_mined,,,-3.89,,,3.0,273.4,25.0,1.65,1.0,nonToxic
ZnO,ZnO,100.0,-11.7,20.0,,literature_mined,,,-3.89,,,3.0,273.4,30.0,1.65,1.0,nonToxic
ZnO,ZnO,100.0,-11.7,20.0,,literature_mined,,,-3.89,,,3.0,273.4,35.0,1.65,1.0,nonToxic
ZnO,ZnO,100.0,-11.7,20.0,,literature_mined,,,-3.89,,,3.0,273.4,40.0,1.65,1.0,nonToxic
ZnO,ZnO,100.0,-11.7,20.0,,literature_mined,,,-3.89,,,3.0,273.4,80.0,1.65,1.0,nonToxic
ZnO,ZnO,100.0,-11.7,20.0,,literature_mined,,,-3.89,,,48.0,273.4,1e-05,1.65,1.0,nonToxic
ZnO,ZnO,100.0,-11.7,20.0,,literature_mined,,,-3.89,,,48.0,273.4,10.0,1.65,1.0,nonToxic
ZnO,ZnO,100.0,-11.7,20.0,,literature_mined,,,-3.89,,,48.0,273.4,15.0,1.65,1.0,nonToxic
ZnO,ZnO,100.0,-11.7,20.0,,literature_mined,,,-3.89,,,48.0,273.4,20.0,1.65,1.0,nonToxic
ZnO,ZnO,100.0,-11.7,20.0,,literature_mined,,,-3.89,,,48.0,273.4,25.0,1.65,1.0,Toxic
ZnO,ZnO,100.0,-11.7,20.0,,literature_mined,,,-3.89,,,48.0,273.4,30.0,1.65,1.0,Toxic
ZnO,ZnO,100.0,-11.7,20.0,,literature_mined,,,-3.89,,,48.0,273.4,35.0,1.65,1.0,Toxic
ZnO,ZnO,100.0,-11.7,20.0,,literature_mined,,,-3.89,,,48.0,273.4,40.0,1.65,1.0,Toxic
ZnO,ZnO,100.0,-11.7,20.0,,literature_mined,,,-3.89,,,24.0,273.4,1e-05,1.65,1.0,nonToxic
ZnO,ZnO,100.0,-11.7,20.0,,literature_mined,,,-3.89,,,24.0,273.4,10.0,1.65,1.0,nonToxic
ZnO,ZnO,100.0,-11.7,20.0,,literature_mined,,,-3.89,,,24.0,273.4,15.0,1.65,1.0,nonToxic
ZnO,ZnO,100.0,-11.7,20.0,,literature_mined,,,-3.89,,,24.0,273.4,20.0,1.65,1.0,nonToxic
ZnO,ZnO,100.0,-11.7,20.0,,literature_mined,,,-3.89,,,24.0,273.4,25.0,1.65,1.0,Toxic
ZnO,ZnO,100.0,-11.7,20.0,,literature_mined,,,-3.89,,,24.0,273.4,30.0,1.65,1.0,Toxic
ZnO,ZnO,100.0,-11.7,20.0,,literature_mined,,,-3.89,,,24.0,273.4,35.0,1.65,1.0,Toxic
ZnO,ZnO,100.0,-11.7,20.0,,literature_mined,,,-3.89,,,24.0,273.4,40.0,1.65,1.0,Toxic
ZnO,ZnO,100.0,-11.7,20.0,,literature_mined,,,-3.89,,,24.0,273.4,80.0,1.65,1.0,Toxic
ZnO,ZnO,100.0,-11.7,20.0,,literature_mined,,,-3.89,,,6.0,273.4,1e-05,1.65,1.0,nonToxic
ZnO,ZnO,100.0,-11.7,20.0,,literature_mined,,,-3.89,,,6.0,273.4,10.0,1.65,1.0,nonToxic
ZnO,ZnO,100.0,-11.7,20.0,,literature_mined,,,-3.89,,,6.0,273.4,15.0,1.65,1.0,nonToxic
ZnO,ZnO,100.0,-11.7,20.0,,literature_mined,,,-3.89,,,6.0,273.4,20.0,1.65,1.0,nonToxic
ZnO,ZnO,100.0,-11.7,20.0,,literature_mined,,,-3.89,,,6.0,273.4,25.0,1.65,1.0,nonToxic
ZnO,ZnO,100.0,-11.7,20.0,,literature_mined,,,-3.89,,,6.0,273.4,30.0,1.65,1.0,nonToxic
ZnO,ZnO,100.0,-11.7,20.0,,literature_mined,,,-3.89,,,6.0,273.4,35.0,1.65,1.0,nonToxic
ZnO,ZnO,100.0,-11.7,20.0,,literature_mined,,,-3.89,,,6.0,273.4,40.0,1.65,1.0,nonToxic
ZnO,ZnO,100.0,-11.7,20.0,,literature_mined,,,-3.89,,,6.0,273.4,80.0,1.65,1.0,Toxic
ZnO,ZnO,100.0,-11.7,20.0,,literature_mined,,,-3.89,,,3.0,273.4,1e-05,1.65,1.0,nonToxic
ZnO,ZnO,100.0,-11.7,20.0,,literature_mined,,,-3.89,,,3.0,273.4,10.0,1.65,1.0,nonToxic
ZnO,ZnO,100.0,-11.7,20.0,,literature_mined,,,-3.89,,,3.0,273.4,15.0,1.65,1.0,nonToxic
ZnO,ZnO,100.0,-11.7,20.0,,literature_mined,,,-3.89,,,3.0,273.4,20.0,1.65,1.0,nonToxic
ZnO,ZnO,100.0,-11.7,20.0,,literature_mined,,,-3.89,,,3.0,273.4,25.0,1.65,1.0,nonToxic
ZnO,ZnO,100.0,-11.7,20.0,,literature_mined,,,-3.89,,,3.0,273.4,30.0,1.65,1.0,nonToxic
ZnO,ZnO,100.0,-11.7,20.0,,literature_mined,,,-3.89,,,3.0,273.4,35.0,1.65,1.0,nonToxic
ZnO,ZnO,100.0,-11.7,20.0,,literature_mined,,,-3.89,,,3.0,273.4,40.0,1.65,1.0,nonToxic
ZnO,ZnO,100.0,-11.7,20.0,,literature_mined,,,-3.89,,,3.0,273.4,80.0,1.65,1.0,Toxic
ZnO,ZnO,86.0,31.3,7.0,,literature_mined,,,-3.89,,,72.0,687.0,1e-05,1.65,1.0,nonToxic
ZnO,ZnO,86.0,31.3,7.0,,literature_mined,,,-3.89,,,72.0,687.0,1.56,1.65,1.0,nonToxic
ZnO,ZnO,86.0,31.3,7.0,,literature_mined,,,-3.89,,,72.0,687.0,3.13,1.65,1.0,nonToxic
ZnO,ZnO,86.0,31.3,7.0,,literature_mined,,,-3.89,,,72.0,687.0,6.25,1.65,1.0,nonToxic
ZnO,ZnO,86.0,31.3,7.0,,literature_mined,,,-3.89,,,72.0,687.0,12.5,1.65,1.0,Toxic
ZnO,ZnO,86.0,31.3,7.0,,literature_mined,,,-3.89,,,72.0,687.0,25.0,1.65,1.0,Toxic
ZnO,ZnO,86.0,31.3,7.0,,literature_mined,,,-3.89,,,72.0,687.0,50.0,1.65,1.0,Toxic
ZnO,ZnO,86.0,31.3,7.0,,literature_mined,,,-3.89,,,24.0,687.0,1e-05,1.65,1.0,nonToxic
ZnO,ZnO,86.0,31.3,7.0,,literature_mined,,,-3.89,,,24.0,687.0,1.56,1.65,1.0,nonToxic
ZnO,ZnO,86.0,31.3,7.0,,literature_mined,,,-3.89,,,24.0,687.0,3.13,1.65,1.0,nonToxic
ZnO,ZnO,86.0,31.3,7.0,,literature_mined,,,-3.89,,,24.0,687.0,6.25,1.65,1.0,nonToxic
ZnO,ZnO,86.0,31.3,7.0,,literature_mined,,,-3.89,,,24.0,687.0,12.5,1.65,1.0,Toxic
ZnO,ZnO,86.0,31.3,7.0,,literature_mined,,,-3.89,,,24.0,687.0,25.0,1.65,1.0,Toxic
ZnO,ZnO,86.0,31.3,7.0,,literature_mined,,,-3.89,,,24.0,687.0,50.0,1.65,1.0,Toxic
ZnO,ZnO,86.0,31.3,7.0,,literature_mined,,,-3.89,,,12.0,687.0,1e-05,1.65,1.0,nonToxic
ZnO,ZnO,86.0,31.3,7.0,,literature_mined,,,-3.89,,,12.0,687.0,1.56,1.65,1.0,nonToxic
ZnO,ZnO,86.0,31.3,7.0,,literature_mined,,,-3.89,,,12.0,687.0,3.13,1.65,1.0,nonToxic
ZnO,ZnO,86.0,31.3,7.0,,literature_mined,,,-3.89,,,12.0,687.0,6.25,1.65,1.0,nonToxic
ZnO,ZnO,86.0,31.3,7.0,,literature_mined,,,-3.89,,,12.0,687.0,12.5,1.65,1.0,nonToxic
ZnO,ZnO,86.0,31.3,7.0,,literature_mined,,,-3.89,,,12.0,687.0,25.0,1.65,1.0,nonToxic
ZnO,ZnO,86.0,31.3,7.0,,literature_mined,,,-3.89,,,12.0,687.0,50.0,1.65,1.0,nonToxic
ZnO,ZnO,52.0,29.4,15.0,,literature_mined,,,-3.89,,,72.0,640.0,1e-05,1.65,1.0,nonToxic
ZnO,ZnO,52.0,29.4,15.0,,literature_mined,,,-3.89,,,72.0,640.0,1.56,1.65,1.0,nonToxic
ZnO,ZnO,52.0,29.4,15.0,,literature_mined,,,-3.89,,,72.0,640.0,3.13,1.65,1.0,nonToxic
ZnO,ZnO,52.0,29.4,15.0,,literature_mined,,,-3.89,,,72.0,640.0,6.25,1.65,1.0,nonToxic
ZnO,ZnO,52.0,29.4,15.0,,literature_mined,,,-3.89,,,72.0,640.0,12.5,1.65,1.0,Toxic
ZnO,ZnO,52.0,29.4,15.0,,literature_mined,,,-3.89,,,72.0,640.0,25.0,1.65,1.0,Toxic
ZnO,ZnO,52.0,29.4,15.0,,literature_mined,,,-3.89,,,72.0,640.0,50.0,1.65,1.0,Toxic
ZnO,ZnO,52.0,29.4,15.0,,literature_mined,,,-3.89,,,24.0,640.0,1e-05,1.65,1.0,nonToxic
ZnO,ZnO,52.0,29.4,15.0,,literature_mined,,,-3.89,,,24.0,640.0,1.56,1.65,1.0,nonToxic
ZnO,ZnO,52.0,29.4,15.0,,literature_mined,,,-3.89,,,24.0,640.0,3.13,1.65,1.0,nonToxic
ZnO,ZnO,52.0,29.4,15.0,,literature_mined,,,-3.89,,,24.0,640.0,6.25,1.65,1.0,nonToxic
ZnO,ZnO,52.0,29.4,15.0,,literature_mined,,,-3.89,,,24.0,640.0,12.5,1.65,1.0,Toxic
ZnO,ZnO,52.0,29.4,15.0,,literature_mined,,,-3.89,,,24.0,640.0,25.0,1.65,1.0,Toxic
ZnO,ZnO,52.0,29.4,15.0,,literature_mined,,,-3.89,,,24.0,640.0,50.0,1.65,1.0,Toxic
ZnO,ZnO,52.0,29.4,15.0,,literature_mined,,,-3.89,,,12.0,640.0,1e-05,1.65,1.0,nonToxic
ZnO,ZnO,52.0,29.4,15.0,,literature_mined,,,-3.89,,,12.0,640.0,1.56,1.65,1.0,nonToxic
ZnO,ZnO,52.0,29.4,15.0,,literature_mined,,,-3.89,,,12.0,640.0,3.13,1.65,1.0,nonToxic
ZnO,ZnO,52.0,29.4,15.0,,literature_mined,,,-3.89,,,12.0,640.0,6.25,1.65,1.0,nonToxic
ZnO,ZnO,52.0,29.4,15.0,,literature_mined,,,-3.89,,,12.0,640.0,12.5,1.65,1.0,nonToxic
ZnO,ZnO,52.0,29.4,15.0,,literature_mined,,,-3.89,,,12.0,640.0,25.0,1.65,1.0,nonToxic
ZnO,ZnO,52.0,29.4,15.0,,literature_mined,,,-3.89,,,12.0,640.0,50.0,1.65,1.0,nonToxic
ZnO,ZnO,7.5,27.4,90.0,,literature_mined,,,-3.89,,,72.0,795.0,1e-05,1.65,1.0,nonToxic
ZnO,ZnO,7.5,27.4,90.0,,literature_mined,,,-3.89,,,72.0,795.0,1.56,1.65,1.0,nonToxic
ZnO,ZnO,7.5,27.4,90.0,,literature_mined,,,-3.89,,,72.0,795.0,3.13,1.65,1.0,nonToxic
ZnO,ZnO,7.5,27.4,90.0,,literature_mined,,,-3.89,,,72.0,795.0,6.25,1.65,1.0,nonToxic
ZnO,ZnO,7.5,27.4,90.0,,literature_mined,,,-3.89,,,72.0,795.0,12.5,1.65,1.0,Toxic
ZnO,ZnO,7.5,27.4,90.0,,literature_mined,,,-3.89,,,72.0,795.0,25.0,1.65,1.0,Toxic
ZnO,ZnO,7.5,27.4,90.0,,literature_mined,,,-3.89,,,72.0,795.0,50.0,1.65,1.0,Toxic
ZnO,ZnO,7.5,27.4,90.0,,literature_mined,,,-3.89,,,24.0,795.0,1e-05,1.65,1.0,nonToxic
ZnO,ZnO,7.5,27.4,90.0,,literature_mined,,,-3.89,,,24.0,795.0,1.56,1.65,1.0,nonToxic
ZnO,ZnO,7.5,27.4,90.0,,literature_mined,,,-3.89,,,24.0,795.0,3.13,1.65,1.0,nonToxic
ZnO,ZnO,7.5,27.4,90.0,,literature_mined,,,-3.89,,,24.0,795.0,6.25,1.65,1.0,nonToxic
ZnO,ZnO,7.5,27.4,90.0,,literature_mined,,,-3.89,,,24.0,795.0,12.5,1.65,1.0,nonToxic
ZnO,ZnO,7.5,27.4,90.0,,literature_mined,,,-3.89,,,24.0,795.0,25.0,1.65,1.0,Toxic
ZnO,ZnO,7.5,27.4,90.0,,literature_mined,,,-3.89,,,24.0,795.0,50.0,1.65,1.0,Toxic
ZnO,ZnO,7.5,27.4,90.0,,literature_mined,,,-3.89,,,12.0,795.0,1e-05,1.65,1.0,nonToxic
ZnO,ZnO,7.5,27.4,90.0,,literature_mined,,,-3.89,,,12.0,795.0,1.56,1.65,1.0,nonToxic
ZnO,ZnO,7.5,27.4,90.0,,literature_mined,,,-3.89,,,12.0,795.0,3.13,1.65,1.0,nonToxic
ZnO,ZnO,7.5,27.4,90.0,,literature_mined,,,-3.89,,,12.0,795.0,6.25,1.65,1.0,nonToxic
ZnO,ZnO,7.5,27.4,90.0,,literature_mined,,,-3.89,,,12.0,795.0,12.5,1.65,1.0,nonToxic
ZnO,ZnO,7.5,27.4,90.0,,literature_mined,,,-3.89,,,12.0,795.0,25.0,1.65,1.0,Toxic
ZnO,ZnO,7.5,27.4,90.0,,literature_mined,,,-3.89,,,12.0,795.0,50.0,1.65,1.0,Toxic
ZnO,ZnO,32.0,21.6,37.0,,literature_mined,,,-3.89,,,72.0,1093.0,1e-05,1.65,1.0,nonToxic
ZnO,ZnO,32.0,21.6,37.0,,literature_mined,,,-3.89,,,72.0,1093.0,1.56,1.65,1.0,nonToxic
ZnO,ZnO,32.0,21.6,37.0,,literature_mined,,,-3.89,,,72.0,1093.0,3.13,1.65,1.0,nonToxic
ZnO,ZnO,32.0,21.6,37.0,,literature_mined,,,-3.89,,,72.0,1093.0,6.25,1.65,1.0,nonToxic
ZnO,ZnO,32.0,21.6,37.0,,literature_mined,,,-3.89,,,72.0,1093.0,12.5,1.65,1.0,Toxic
ZnO,ZnO,32.0,21.6,37.0,,literature_mined,,,-3.89,,,72.0,1093.0,25.0,1.65,1.0,Toxic
ZnO,ZnO,32.0,21.6,37.0,,literature_mined,,,-3.89,,,72.0,1093.0,50.0,1.65,1.0,Toxic
ZnO,ZnO,32.0,21.6,37.0,,literature_mined,,,-3.89,,,24.0,1093.0,1e-05,1.65,1.0,nonToxic
ZnO,ZnO,32.0,21.6,37.0,,literature_mined,,,-3.89,,,24.0,1093.0,1.56,1.65,1.0,nonToxic
ZnO,ZnO,32.0,21.6,37.0,,literature_mined,,,-3.89,,,24.0,1093.0,3.13,1.65,1.0,nonToxic
ZnO,ZnO,32.0,21.6,37.0,,literature_mined,,,-3.89,,,24.0,1093.0,6.25,1.65,1.0,nonToxic
ZnO,ZnO,32.0,21.6,37.0,,literature_mined,,,-3.89,,,24.0,1093.0,12.5,1.65,1.0,nonToxic
ZnO,ZnO,32.0,21.6,37.0,,literature_mined,,,-3.89,,,24.0,1093.0,25.0,1.65,1.0,Toxic
ZnO,ZnO,32.0,21.6,37.0,,literature_mined,,,-3.89,,,24.0,1093.0,50.0,1.65,1.0,Toxic
ZnO,ZnO,32.0,21.6,37.0,,literature_mined,,,-3.89,,,12.0,1093.0,1e-05,1.65,1.0,nonToxic
ZnO,ZnO,32.0,21.6,37.0,,literature_mined,,,-3.89,,,12.0,1093.0,1.56,1.65,1.0,nonToxic
ZnO,ZnO,32.0,21.6,37.0,,literature_mined,,,-3.89,,,12.0,1093.0,3.13,1.65,1.0,nonToxic
ZnO,ZnO,32.0,21.6,37.0,,literature_mined,,,-3.89,,,12.0,1093.0,6.25,1.65,1.0,nonToxic
ZnO,ZnO,32.0,21.6,37.0,,literature_mined,,,-3.89,,,12.0,1093.0,12.5,1.65,1.0,nonToxic
ZnO,ZnO,32.0,21.6,37.0,,literature_mined,,,-3.89,,,12.0,1093.0,25.0,1.65,1.0,nonToxic
ZnO,ZnO,32.0,21.6,37.0,,literature_mined,,,-3.89,,,12.0,1093.0,50.0,1.65,1.0,Toxic
ZnO,ZnO,35.6,-41.6,27.9,,literature_mined,,,-3.89,,,24.0,295.5,0.1,1.65,1.0,nonToxic
ZnO,ZnO,35.6,-41.6,27.9,,literature_mined,,,-3.89,,,24.0,295.5,10.0,1.65,1.0,Toxic
ZnO,ZnO,35.6,-41.6,27.9,,literature_mined,,,-3.89,,,24.0,295.5,100.0,1.65,1.0,Toxic
ZnO,ZnO,35.6,-41.6,27.9,,literature_mined,,,-3.89,,,24.0,295.5,0.1,1.65,1.0,nonToxic
ZnO,ZnO,35.6,-41.6,27.9,,literature_mined,,,-3.89,,,24.0,295.5,10.0,1.65,1.0,Toxic
ZnO,ZnO,35.6,-41.6,27.9,,literature_mined,,,-3.89,,,24.0,295.5,100.0,1.65,1.0,Toxic
ZnO,ZnO,35.6,-41.6,27.9,,literature_mined,,,-3.89,,,24.0,236.0,0.1,1.65,1.0,nonToxic
ZnO,ZnO,35.6,-41.6,27.9,,literature_mined,,,-3.89,,,24.0,236.0,1.0,1.65,1.0,nonToxic
ZnO,ZnO,35.6,-41.6,27.9,,literature_mined,,,-3.89,,,24.0,236.0,0.1,1.65,1.0,nonToxic
ZnO,ZnO,35.6,-41.6,27.9,,literature_mined,,,-3.89,,,24.0,236.0,1.0,1.65,1.0,nonToxic
ZnO,ZnO,35.6,-41.6,27.9,,literature_mined,,,-3.89,,,48.0,295.5,0.1,1.65,1.0,nonToxic
ZnO,ZnO,35.6,-41.6,27.9,,literature_mined,,,-3.89,,,48.0,295.5,1.0,1.65,1.0,nonToxic
ZnO,ZnO,35.6,-41.6,27.9,,literature_mined,,,-3.89,,,48.0,295.5,10.0,1.65,1.0,Toxic
ZnO,ZnO,35.6,-41.6,27.9,,literature_mined,,,-3.89,,,48.0,295.5,100.0,1.65,1.0,Toxic
ZnO,ZnO,35.6,-41.6,27.9,,literature_mined,,,-3.89,,,24.0,295.5,0.1,1.65,1.0,nonToxic
ZnO,ZnO,35.6,-41.6,27.9,,literature_mined,,,-3.89,,,24.0,295.5,10.0,1.65,1.0,Toxic
ZnO,ZnO,35.6,-41.6,27.9,,literature_mined,,,-3.89,,,24.0,295.5,100.0,1.65,1.0,Toxic
ZnO,ZnO,35.6,-41.6,27.9,,literature_mined,,,-3.89,,,48.0,236.0,0.1,1.65,1.0,nonToxic
ZnO,ZnO,35.6,-41.6,27.9,,literature_mined,,,-3.89,,,48.0,236.0,1.0,1.65,1.0,nonToxic
ZnO,ZnO,35.6,-41.6,27.9,,literature_mined,,,-3.89,,,48.0,236.0,10.0,1.65,1.0,nonToxic
ZnO,ZnO,35.6,-41.6,27.9,,literature_mined,,,-3.89,,,48.0,236.0,100.0,1.65,1.0,Toxic
ZnO,ZnO,35.6,-41.6,27.9,,literature_mined,,,-3.89,,,24.0,236.0,0.1,1.65,1.0,nonToxic
ZnO,ZnO,35.6,-41.6,27.9,,literature_mined,,,-3.89,,,24.0,236.0,1.0,1.65,1.0,nonToxic
CuO,CuO,46.3,42.8,24.1,,literature_mined,,,-5.17,,,24.0,239.0,10.0,1.9,1.0,Toxic
CuO,CuO,46.3,42.8,24.1,,literature_mined,,,-5.17,,,24.0,239.0,20.0,1.9,1.0,Toxic
CuO,CuO,46.3,42.8,24.1,,literature_mined,,,-5.17,,,24.0,239.0,50.0,1.9,1.0,Toxic
CuO,CuO,46.3,42.8,24.1,,literature_mined,,,-5.17,,,24.0,239.0,100.0,1.9,1.0,Toxic
CuO,CuO,46.3,42.8,24.1,,literature_mined,,,-5.17,,,12.0,239.0,20.0,1.9,1.0,Toxic
CuO,CuO,46.3,42.8,24.1,,literature_mined,,,-5.17,,,12.0,239.0,50.0,1.9,1.0,Toxic
CuO,CuO,46.3,42.8,24.1,,literature_mined,,,-5.17,,,12.0,239.0,100.0,1.9,1.0,Toxic
TiO2,TiO2,125.0,-40.8,38.0,,literature_mined,,,-4.16,,,72.0,1054.0,50.0,1.54,2.0,Toxic
ZnO,ZnO,45.3,32.7,21.3,,literature_mined,,,-3.89,,,24.0,310.0,20.0,1.65,1.0,Toxic
ZnO,ZnO,45.3,32.7,21.3,,literature_mined,,,-3.89,,,24.0,310.0,50.0,1.65,1.0,Toxic
ZnO,ZnO,45.3,32.7,21.3,,literature_mined,,,-3.89,,,24.0,310.0,100.0,1.65,1.0,Toxic
ZnO,ZnO,45.3,32.7,21.3,,literature_mined,,,-3.89,,,12.0,310.0,50.0,1.65,1.0,Toxic
ZnO,ZnO,45.3,32.7,21.3,,literature_mined,,,-3.89,,,12.0,310.0,100.0,1.65,1.0,Toxic
ZnO,ZnO,115.0,-10.0,14.4,,literature_mined,,,-3.89,,,24.0,360.0,30.0,1.65,1.0,Toxic
ZnO,ZnO,115.0,-10.0,14.4,,literature_mined,,,-3.89,,,24.0,360.0,50.0,1.65,1.0,Toxic
ZnO,ZnO,115.0,-10.0,14.4,,literature_mined,,,-3.89,,,24.0,360.0,80.0,1.65,1.0,Toxic
ZnO,ZnO,115.0,-9.0,14.5,,literature_mined,,,-3.89,,,24.0,500.0,50.0,1.65,1.0,Toxic
ZnO,ZnO,115.0,-9.0,14.5,,literature_mined,,,-3.89,,,24.0,500.0,80.0,1.65,1.0,Toxic
ZnO,ZnO,115.0,-10.0,14.4,,literature_mined,,,-3.89,,,24.0,360.0,30.0,1.65,1.0,Toxic
ZnO,ZnO,115.0,-10.0,14.4,,literature_mined,,,-3.89,,,24.0,360.0,50.0,1.65,1.0,Toxic
ZnO,ZnO,115.0,-10.0,14.4,,literature_mined,,,-3.89,,,24.0,360.0,80.0,1.65,1.0,Toxic
ZnO,ZnO,115.0,-9.0,14.5,,literature_mined,,,-3.89,,,24.0,500.0,30.0,1.65,1.0,Toxic
ZnO,ZnO,115.0,-9.0,14.5,,literature_mined,,,-3.89,,,24.0,500.0,50.0,1.65,1.0,Toxic
ZnO,ZnO,115.0,-9.0,14.5,,literature_mined,,,-3.89,,,24.0,500.0,80.0,1.65,1.0,Toxic
ZnO,ZnO,60.0,-9.3,7.34,,literature_mined,,,-3.89,,,24.0,329.0,40.0,1.65,1.0,Toxic
ZnO,ZnO,60.0,-9.3,7.34,,literature_mined,,,-3.89,,,24.0,329.0,80.0,1.65,1.0,Toxic
ZnO,ZnO,60.0,-7.5,7.34,,literature_mined,,,-3.89,,,24.0,320.0,20.0,1.65,1.0,Toxic
ZnO,ZnO,60.0,-7.5,7.34,,literature_mined,,,-3.89,,,24.0,320.0,40.0,1.65,1.0,Toxic
ZnO,ZnO,60.0,-7.5,7.34,,literature_mined,,,-3.89,,,24.0,320.0,80.0,1.65,1.0,Toxic
ZnO,ZnO,60.0,-2.4,7.34,,literature_mined,,,-3.89,,,24.0,936.0,20.0,1.65,1.0,Toxic
ZnO,ZnO,60.0,-2.4,7.34,,literature_mined,,,-3.89,,,24.0,936.0,40.0,1.65,1.0,Toxic
ZnO,ZnO,60.0,-2.4,7.34,,literature_mined,,,-3.89,,,24.0,936.0,80.0,1.65,1.0,Toxic
ZnO,ZnO,100.0,-11.7,20.0,,literature_mined,,,-3.89,,,24.0,273.4,80.0,1.65,1.0,Toxic
ZnO,ZnO,100.0,-11.7,20.0,,literature_mined,,,-3.89,,,48.0,273.4,25.0,1.65,1.0,Toxic
ZnO,ZnO,100.0,-11.7,20.0,,literature_mined,,,-3.89,,,48.0,273.4,30.0,1.65,1.0,Toxic
ZnO,ZnO,100.0,-11.7,20.0,,literature_mined,,,-3.89,,,48.0,273.4,35.0,1.65,1.0,Toxic
ZnO,ZnO,100.0,-11.7,20.0,,literature_mined,,,-3.89,,,48.0,273.4,40.0,1.65,1.0,Toxic
ZnO,ZnO,100.0,-11.7,20.0,,literature_mined,,,-3.89,,,24.0,273.4,25.0,1.65,1.0,Toxic
ZnO,ZnO,100.0,-11.7,20.0,,literature_mined,,,-3.89,,,24.0,273.4,30.0,1.65,1.0,Toxic
ZnO,ZnO,100.0,-11.7,20.0,,literature_mined,,,-3.89,,,24.0,273.4,35.0,1.65,1.0,Toxic
ZnO,ZnO,100.0,-11.7,20.0,,literature_mined,,,-3.89,,,24.0,273.4,40.0,1.65,1.0,Toxic
ZnO,ZnO,100.0,-11.7,20.0,,literature_mined,,,-3.89,,,24.0,273.4,80.0,1.65,1.0,Toxic
ZnO,ZnO,100.0,-11.7,20.0,,literature_mined,,,-3.89,,,6.0,273.4,80.0,1.65,1.0,Toxic
ZnO,ZnO,100.0,-11.7,20.0,,literature_mined,,,-3.89,,,3.0,273.4,80.0,1.65,1.0,Toxic
ZnO,ZnO,86.0,31.3,7.0,,literature_mined,,,-3.89,,,72.0,687.0,12.5,1.65,1.0,Toxic
ZnO,ZnO,86.0,31.3,7.0,,literature_mined,,,-3.89,,,72.0,687.0,25.0,1.65,1.0,Toxic
ZnO,ZnO,86.0,31.3,7.0,,literature_mined,,,-3.89,,,72.0,687.0,50.0,1.65,1.0,Toxic
ZnO,ZnO,86.0,31.3,7.0,,literature_mined,,,-3.89,,,24.0,687.0,12.5,1.65,1.0,Toxic
ZnO,ZnO,86.0,31.3,7.0,,literature_mined,,,-3.89,,,24.0,687.0,25.0,1.65,1.0,Toxic
ZnO,ZnO,86.0,31.3,7.0,,literature_mined,,,-3.89,,,24.0,687.0,50.0,1.65,1.0,Toxic
ZnO,ZnO,52.0,29.4,15.0,,literature_mined,,,-3.89,,,72.0,640.0,12.5,1.65,1.0,Toxic
ZnO,ZnO,52.0,29.4,15.0,,literature_mined,,,-3.89,,,72.0,640.0,25.0,1.65,1.0,Toxic
ZnO,ZnO,52.0,29.4,15.0,,literature_mined,,,-3.89,,,72.0,640.0,50.0,1.65,1.0,Toxic
ZnO,ZnO,52.0,29.4,15.0,,literature_mined,,,-3.89,,,24.0,640.0,12.5,1.65,1.0,Toxic
ZnO,ZnO,52.0,29.4,15.0,,literature_mined,,,-3.89,,,24.0,640.0,25.0,1.65,1.0,Toxic
ZnO,ZnO,52.0,29.4,15.0,,literature_mined,,,-3.89,,,24.0,640.0,50.0,1.65,1.0,Toxic
ZnO,ZnO,7.5,27.4,90.0,,literature_mined,,,-3.89,,,72.0,795.0,12.5,1.65,1.0,Toxic
ZnO,ZnO,7.5,27.4,90.0,,literature_mined,,,-3.89,,,72.0,795.0,25.0,1.65,1.0,Toxic
ZnO,ZnO,7.5,27.4,90.0,,literature_mined,,,-3.89,,,72.0,795.0,50.0,1.65,1.0,Toxic
ZnO,ZnO,7.5,27.4,90.0,,literature_mined,,,-3.89,,,24.0,795.0,25.0,1.65,1.0,Toxic
ZnO,ZnO,7.5,27.4,90.0,,literature_mined,,,-3.89,,,24.0,795.0,50.0,1.65,1.0,Toxic
ZnO,ZnO,7.5,27.4,90.0,,literature_mined,,,-3.89,,,12.0,795.0,25.0,1.65,1.0,Toxic
ZnO,ZnO,7.5,27.4,90.0,,literature_mined,,,-3.89,,,12.0,795.0,50.0,1.65,1.0,Toxic
ZnO,ZnO,32.0,21.6,37.0,,literature_mined,,,-3.89,,,72.0,1093.0,12.5,1.65,1.0,Toxic
ZnO,ZnO,32.0,21.6,37.0,,literature_mined,,,-3.89,,,72.0,1093.0,25.0,1.65,1.0,Toxic
ZnO,ZnO,32.0,21.6,37.0,,literature_mined,,,-3.89,,,72.0,1093.0,50.0,1.65,1.0,Toxic
ZnO,ZnO,32.0,21.6,37.0,,literature_mined,,,-3.89,,,24.0,1093.0,25.0,1.65,1.0,Toxic
ZnO,ZnO,32.0,21.6,37.0,,literature_mined,,,-3.89,,,24.0,1093.0,50.0,1.65,1.0,Toxic
ZnO,ZnO,32.0,21.6,37.0,,literature_mined,,,-3.89,,,12.0,1093.0,50.0,1.65,1.0,Toxic
ZnO,ZnO,35.6,-41.6,27.9,,literature_mined,,,-3.89,,,24.0,295.5,10.0,1.65,1.0,Toxic
ZnO,ZnO,35.6,-41.6,27.9,,literature_mined,,,-3.89,,,24.0,295.5,100.0,1.65,1.0,Toxic
ZnO,ZnO,35.6,-41.6,27.9,,literature_mined,,,-3.89,,,24.0,295.5,10.0,1.65,1.0,Toxic
ZnO,ZnO,35.6,-41.6,27.9,,literature_mined,,,-3.89,,,24.0,295.5,100.0,1.65,1.0,Toxic
ZnO,ZnO,35.6,-41.6,27.9,,literature_mined,,,-3.89,,,48.0,295.5,10.0,1.65,1.0,Toxic
ZnO,ZnO,35.6,-41.6,27.9,,literature_mined,,,-3.89,,,48.0,295.5,100.0,1.65,1.0,Toxic
ZnO,ZnO,35.6,-41.6,27.9,,literature_mined,,,-3.89,,,24.0,295.5,10.0,1.65,1.0,Toxic
ZnO,ZnO,35.6,-41.6,27.9,,literature_mined,,,-3.89,,,24.0,295.5,100.0,1.65,1.0,Toxic
ZnO,ZnO,35.6,-41.6,27.9,,literature_mined,,,-3.89,,,48.0,236.0,100.0,1.65,1.0,Toxic
ZnO,ZnO,60.0,-9.3,7.34,,literature_mined,,,-3.89,,,24.0,329.0,40.0,1.65,1.0,Toxic
ZnO,ZnO,52.0,29.4,15.0,,literature_mined,,,-3.89,,,24.0,640.0,25.0,1.65,1.0,Toxic
ZnO,ZnO,52.0,29.4,15.0,,literature_mined,,,-3.89,,,72.0,640.0,12.5,1.65,1.0,Toxic
CuO,CuO,52.0,29.4,15.0,,literature_mined,,,-3.89,,,24.0,640.0,12.5,1.65,1.0,Toxic
ZnO,ZnO,115.0,-9.0,14.5,,literature_mined,,,-3.89,,,24.0,500.0,80.0,1.65,1.0,Toxic
ZnO,ZnO,7.5,27.4,90.0,,literature_mined,,,-3.89,,,24.0,795.0,25.0,1.65,1.0,Toxic
ZnO,ZnO,115.0,-10.0,14.4,,literature_mined,,,-3.89,,,24.0,360.0,50.0,1.65,1.0,Toxic
ZnO,ZnO,60.0,-9.3,7.34,,literature_mined,,,-3.89,,,24.0,329.0,80.0,1.65,1.0,Toxic
ZnO,ZnO,115.0,-10.0,14.4,,literature_mined,,,-3.89,,,24.0,360.0,50.0,1.65,1.0,Toxic
ZnO,ZnO,35.6,-41.6,27.9,,literature_mined,,,-3.89,,,48.0,295.5,100.0,1.65,1.0,Toxic
ZnO,ZnO,60.0,-7.5,7.34,,literature_mined,,,-3.89,,,24.0,320.0,20.0,1.65,1.0,Toxic
ZnO,ZnO,45.3,32.7,21.3,,literature_mined,,,-3.89,,,12.0,310.0,100.0,1.65,1.0,Toxic
ZnO,ZnO,32.0,21.6,37.0,,literature_mined,,,-3.89,,,72.0,1093.0,12.5,1.65,1.0,Toxic
ZnO,ZnO,100.0,-11.7,20.0,,literature_mined,,,-3.89,,,48.0,273.4,35.0,1.65,1.0,Toxic
CuO,CuO,100.0,-11.7,20.0,,literature_mined,,,-3.89,,,24.0,273.4,40.0,1.65,1.0,Toxic
ZnO,ZnO,115.0,-10.0,14.4,,literature_mined,,,-3.89,,,24.0,360.0,30.0,1.65,1.0,Toxic
ZnO,ZnO,115.0,-10.0,14.4,,literature_mined,,,-3.89,,,24.0,360.0,50.0,1.65,1.0,Toxic
ZnO,ZnO,86.0,31.3,7.0,,literature_mined,,,-3.89,,,72.0,687.0,50.0,1.65,1.0,Toxic
ZnO,ZnO,115.0,-10.0,14.4,,literature_mined,,,-3.89,,,24.0,360.0,80.0,1.65,1.0,Toxic
ZnO,ZnO,7.5,27.4,90.0,,literature_mined,,,-3.89,,,12.0,795.0,25.0,1.65,1.0,Toxic
ZnO,ZnO,52.0,29.4,15.0,,literature_mined,,,-3.89,,,72.0,640.0,50.0,1.65,1.0,Toxic
CuO,CuO,100.0,-11.7,20.0,,literature_mined,,,-3.89,,,24.0,273.4,35.0,1.65,1.0,Toxic
ZnO,ZnO,35.6,-41.6,27.9,,literature_mined,,,-3.89,,,24.0,295.5,10.0,1.65,1.0,Toxic
ZnO,ZnO,115.0,-10.0,14.4,,literature_mined,,,-3.89,,,24.0,360.0,50.0,1.65,1.0,Toxic
ZnO,ZnO,35.6,-41.6,27.9,,literature_mined,,,-3.89,,,24.0,295.5,100.0,1.65,1.0,Toxic
ZnO,ZnO,86.0,31.3,7.0,,literature_mined,,,-3.89,,,24.0,687.0,25.0,1.65,1.0,Toxic
ZnO,ZnO,100.0,-11.7,20.0,,literature_mined,,,-3.89,,,24.0,273.4,80.0,1.65,1.0,Toxic
ZnO,ZnO,7.5,27.4,90.0,,literature_mined,,,-3.89,,,24.0,795.0,25.0,1.65,1.0,Toxic
ZnO,ZnO,100.0,-11.7,20.0,,literature_mined,,,-3.89,,,24.0,273.4,35.0,1.65,1.0,Toxic
ZnO,ZnO,100.0,-11.7,20.0,,literature_mined,,,-3.89,,,6.0,273.4,80.0,1.65,1.0,Toxic
ZnO,ZnO,100.0,-11.7,20.0,,literature_mined,,,-3.89,,,24.0,273.4,80.0,1.65,1.0,Toxic
ZnO,ZnO,35.6,-41.6,27.9,,literature_mined,,,-3.89,,,24.0,295.5,10.0,1.65,1.0,Toxic
ZnO,ZnO,32.0,21.6,37.0,,literature_mined,,,-3.89,,,72.0,1093.0,50.0,1.65,1.0,Toxic
ZnO,ZnO,46.3,42.8,24.1,,literature_mined,,,-5.17,,,24.0,239.0,100.0,1.9,1.0,Toxic
ZnO,ZnO,100.0,-11.7,20.0,,literature_mined,,,-3.89,,,24.0,273.4,30.0,1.65,1.0,Toxic
ZnO,ZnO,115.0,-9.0,14.5,,literature_mined,,,-3.89,,,24.0,500.0,80.0,1.65,1.0,Toxic
ZnO,ZnO,32.0,21.6,37.0,,literature_mined,,,-3.89,,,72.0,1093.0,50.0,1.65,1.0,Toxic
TiO2,TiO2,115.0,-9.0,14.5,,literature_mined,,,-3.89,,,24.0,500.0,30.0,1.65,1.0,Toxic
ZnO,ZnO,100.0,-11.7,20.0,,literature_mined,,,-3.89,,,24.0,273.4,80.0,1.65,1.0,Toxic
ZnO,ZnO,45.3,32.7,21.3,,literature_mined,,,-3.89,,,12.0,310.0,100.0,1.65,1.0,Toxic
ZnO,ZnO,100.0,-11.7,20.0,,literature_mined,,,-3.89,,,48.0,273.4,35.0,1.65,1.0,Toxic
ZnO,ZnO,52.0,29.4,15.0,,literature_mined,,,-3.89,,,24.0,640.0,50.0,1.65,1.0,Toxic
ZnO,ZnO,125.0,-40.8,38.0,,literature_mined,,,-4.16,,,72.0,1054.0,50.0,1.54,2.0,Toxic
ZnO,ZnO,86.0,31.3,7.0,,literature_mined,,,-3.89,,,24.0,687.0,50.0,1.65,1.0,Toxic
ZnO,ZnO,52.0,29.4,15.0,,literature_mined,,,-3.89,,,24.0,640.0,50.0,1.65,1.0,Toxic
ZnO,ZnO,100.0,-11.7,20.0,,literature_mined,,,-3.89,,,48.0,273.4,35.0,1.65,1.0,Toxic
ZnO,ZnO,100.0,-11.7,20.0,,literature_mined,,,-3.89,,,24.0,273.4,30.0,1.65,1.0,Toxic
TiO2,TiO2,46.3,42.8,24.1,,literature_mined,,,-5.17,,,24.0,239.0,20.0,1.9,1.0,Toxic
ZnO,ZnO,60.0,-9.3,7.34,,literature_mined,,,-3.89,,,24.0,329.0,40.0,1.65,1.0,Toxic
ZnO,ZnO,115.0,-10.0,14.4,,literature_mined,,,-3.89,,,24.0,360.0,80.0,1.65,1.0,Toxic
ZnO,ZnO,45.3,32.7,21.3,,literature_mined,,,-3.89,,,12.0,310.0,50.0,1.65,1.0,Toxic
ZnO,ZnO,46.3,42.8,24.1,,literature_mined,,,-5.17,,,24.0,239.0,100.0,1.9,1.0,Toxic
ZnO,ZnO,32.0,21.6,37.0,,literature_mined,,,-3.89,,,72.0,1093.0,12.5,1.65,1.0,Toxic
CuO,CuO,100.0,-11.7,20.0,,literature_mined,,,-3.89,,,48.0,273.4,40.0,1.65,1.0,Toxic
ZnO,ZnO,52.0,29.4,15.0,,literature_mined,,,-3.89,,,72.0,640.0,25.0,1.65,1.0,Toxic
ZnO,ZnO,35.6,-41.6,27.9,,literature_mined,,,-3.89,,,24.0,295.5,10.0,1.65,1.0,Toxic
ZnO,ZnO,35.6,-41.6,27.9,,literature_mined,,,-3.89,,,24.0,295.5,10.0,1.65,1.0,Toxic
ZnO,ZnO,35.6,-41.6,27.9,,literature_mined,,,-3.89,,,24.0,295.5,100.0,1.65,1.0,Toxic
ZnO,ZnO,60.0,-2.4,7.34,,literature_mined,,,-3.89,,,24.0,936.0,20.0,1.65,1.0,Toxic
ZnO,ZnO,7.5,27.4,90.0,,literature_mined,,,-3.89,,,72.0,795.0,25.0,1.65,1.0,Toxic
ZnO,ZnO,52.0,29.4,15.0,,literature_mined,,,-3.89,,,24.0,640.0,12.5,1.65,1.0,Toxic
ZnO,ZnO,52.0,29.4,15.0,,literature_mined,,,-3.89,,,24.0,640.0,12.5,1.65,1.0,Toxic
ZnO,ZnO,46.3,42.8,24.1,,literature_mined,,,-5.17,,,24.0,239.0,100.0,1.9,1.0,Toxic
ZnO,ZnO,45.3,32.7,21.3,,literature_mined,,,-3.89,,,24.0,310.0,100.0,1.65,1.0,Toxic
ZnO,ZnO,86.0,31.3,7.0,,literature_mined,,,-3.89,,,72.0,687.0,12.5,1.65,1.0,Toxic
ZnO,ZnO,7.5,27.4,90.0,,literature_mined,,,-3.89,,,12.0,795.0,50.0,1.65,1.0,Toxic
ZnO,ZnO,115.0,-10.0,14.4,,literature_mined,,,-3.89,,,24.0,360.0,50.0,1.65,1.0,Toxic
ZnO,ZnO,46.3,42.8,24.1,,literature_mined,,,-5.17,,,12.0,239.0,20.0,1.9,1.0,Toxic
ZnO,ZnO,35.6,-41.6,27.9,,literature_mined,,,-3.89,,,24.0,295.5,10.0,1.65,1.0,Toxic
ZnO,ZnO,46.3,42.8,24.1,,literature_mined,,,-5.17,,,24.0,239.0,100.0,1.9,1.0,Toxic
ZnO,ZnO,115.0,-10.0,14.4,,literature_mined,,,-3.89,,,24.0,360.0,50.0,1.65,1.0,Toxic
ZnO,ZnO,115.0,-9.0,14.5,,literature_mined,,,-3.89,,,24.0,500.0,80.0,1.65,1.0,Toxic
ZnO,ZnO,115.0,-10.0,14.4,,literature_mined,,,-3.89,,,24.0,360.0,30.0,1.65,1.0,Toxic
ZnO,ZnO,52.0,29.4,15.0,,literature_mined,,,-3.89,,,72.0,640.0,50.0,1.65,1.0,Toxic
CuO,CuO,115.0,-9.0,14.5,,literature_mined,,,-3.89,,,24.0,500.0,30.0,1.65,1.0,Toxic
ZnO,ZnO,46.3,42.8,24.1,,literature_mined,,,-5.17,,,12.0,239.0,100.0,1.9,1.0,Toxic
TiO2,TiO2,46.3,42.8,24.1,,literature_mined,,,-5.17,,,24.0,239.0,50.0,1.9,1.0,Toxic
ZnO,ZnO,100.0,-11.7,20.0,,literature_mined,,,-3.89,,,48.0,273.4,35.0,1.65,1.0,Toxic
ZnO,ZnO,52.0,29.4,15.0,,literature_mined,,,-3.89,,,24.0,640.0,25.0,1.65,1.0,Toxic
ZnO,ZnO,86.0,31.3,7.0,,literature_mined,,,-3.89,,,72.0,687.0,25.0,1.65,1.0,Toxic
ZnO,ZnO,115.0,-10.0,14.4,,literature_mined,,,-3.89,,,24.0,360.0,50.0,1.65,1.0,Toxic
ZnO,ZnO,86.0,31.3,7.0,,literature_mined,,,-3.89,,,72.0,687.0,50.0,1.65,1.0,Toxic
ZnO,ZnO,7.5,27.4,90.0,,literature_mined,,,-3.89,,,24.0,795.0,25.0,1.65,1.0,Toxic
ZnO,ZnO,46.3,42.8,24.1,,literature_mined,,,-5.17,,,24.0,239.0,100.0,1.9,1.0,Toxic
ZnO,ZnO,115.0,-9.0,14.5,,literature_mined,,,-3.89,,,24.0,500.0,50.0,1.65,1.0,Toxic
ZnO,ZnO,45.3,32.7,21.3,,literature_mined,,,-3.89,,,24.0,310.0,100.0,1.65,1.0,Toxic
CuO,CuO,86.0,31.3,7.0,,literature_mined,,,-3.89,,,72.0,687.0,25.0,1.65,1.0,Toxic
ZnO,ZnO,115.0,-10.0,14.4,,literature_mined,,,-3.89,,,24.0,360.0,30.0,1.65,1.0,Toxic
ZnO,ZnO,115.0,-10.0,14.4,,literature_mined,,,-3.89,,,24.0,360.0,50.0,1.65,1.0,Toxic
ZnO,ZnO,52.0,29.4,15.0,,literature_mined,,,-3.89,,,72.0,640.0,25.0,1.65,1.0,Toxic
ZnO,ZnO,46.3,42.8,24.1,,literature_mined,,,-5.17,,,24.0,239.0,100.0,1.9,1.0,Toxic
ZnO,ZnO,32.0,21.6,37.0,,literature_mined,,,-3.89,,,24.0,1093.0,50.0,1.65,1.0,Toxic
ZnO,ZnO,86.0,31.3,7.0,,literature_mined,,,-3.89,,,72.0,687.0,12.5,1.65,1.0,Toxic
ZnO,ZnO,7.5,27.4,90.0,,literature_mined,,,-3.89,,,72.0,795.0,25.0,1.65,1.0,Toxic
ZnO,ZnO,45.3,32.7,21.3,,literature_mined,,,-3.89,,,24.0,310.0,20.0,1.65,1.0,Toxic
ZnO,ZnO,52.0,29.4,15.0,,literature_mined,,,-3.89,,,72.0,640.0,12.5,1.65,1.0,Toxic
ZnO,ZnO,60.0,-2.4,7.34,,literature_mined,,,-3.89,,,24.0,936.0,80.0,1.65,1.0,Toxic
ZnO,ZnO,86.0,31.3,7.0,,literature_mined,,,-3.89,,,24.0,687.0,12.5,1.65,1.0,Toxic
ZnO,ZnO,100.0,-11.7,20.0,,literature_mined,,,-3.89,,,48.0,273.4,40.0,1.65,1.0,Toxic
ZnO,ZnO,45.3,32.7,21.3,,literature_mined,,,-3.89,,,12.0,310.0,50.0,1.65,1.0,Toxic
ZnO,ZnO,35.6,-41.6,27.9,,literature_mined,,,-3.89,,,48.0,295.5,100.0,1.65,1.0,Toxic
ZnO,ZnO,35.6,-41.6,27.9,,literature_mined,,,-3.89,,,48.0,295.5,10.0,1.65,1.0,Toxic
ZnO,ZnO,32.0,21.6,37.0,,literature_mined,,,-3.89,,,24.0,1093.0,25.0,1.65,1.0,Toxic
CuO,CuO,7.5,27.4,90.0,,literature_mined,,,-3.89,,,24.0,795.0,50.0,1.65,1.0,Toxic
ZnO,ZnO,35.6,-41.6,27.9,,literature_mined,,,-3.89,,,24.0,295.5,10.0,1.65,1.0,Toxic
CuO,CuO,35.6,-41.6,27.9,,literature_mined,,,-3.89,,,24.0,295.5,100.0,1.65,1.0,Toxic
ZnO,ZnO,60.0,-2.4,7.34,,literature_mined,,,-3.89,,,24.0,936.0,40.0,1.65,1.0,Toxic
ZnO,ZnO,100.0,-11.7,20.0,,literature_mined,,,-3.89,,,48.0,273.4,30.0,1.65,1.0,Toxic
ZnO,ZnO,60.0,-7.5,7.34,,literature_mined,,,-3.89,,,24.0,320.0,20.0,1.65,1.0,Toxic
ZnO,ZnO,100.0,-11.7,20.0,,literature_mined,,,-3.89,,,24.0,273.4,80.0,1.65,1.0,Toxic
ZnO,ZnO,32.0,21.6,37.0,,literature_mined,,,-3.89,,,24.0,1093.0,50.0,1.65,1.0,Toxic
ZnO,ZnO,7.5,27.4,90.0,,literature_mined,,,-3.89,,,72.0,795.0,50.0,1.65,1.0,Toxic
ZnO,ZnO,45.3,32.7,21.3,,literature_mined,,,-3.89,,,24.0,310.0,20.0,1.65,1.0,Toxic
ZnO,ZnO,115.0,-10.0,14.4,,literature_mined,,,-3.89,,,24.0,360.0,50.0,1.65,1.0,Toxic
CuO,CuO,46.3,42.8,24.1,,literature_mined,,,-5.17,,,12.0,239.0,100.0,1.9,1.0,Toxic
ZnO,ZnO,7.5,27.4,90.0,,literature_mined,,,-3.89,,,24.0,795.0,50.0,1.65,1.0,Toxic
ZnO,ZnO,86.0,31.3,7.0,,literature_mined,,,-3.89,,,24.0,687.0,50.0,1.65,1.0,Toxic
ZnO,ZnO,35.6,-41.6,27.9,,literature_mined,,,-3.89,,,24.0,295.5,100.0,1.65,1.0,Toxic
ZnO,ZnO,46.3,42.8,24.1,,literature_mined,,,-5.17,,,24.0,239.0,10.0,1.9,1.0,Toxic
ZnO,ZnO,35.6,-41.6,27.9,,literature_mined,,,-3.89,,,48.0,236.0,100.0,1.65,1.0,Toxic
ZnO,ZnO,7.5,27.4,90.0,,literature_mined,,,-3.89,,,12.0,795.0,50.0,1.65,1.0,Toxic
ZnO,ZnO,86.0,31.3,7.0,,literature_mined,,,-3.89,,,24.0,687.0,12.5,1.65,1.0,Toxic
ZnO,ZnO,115.0,-9.0,14.5,,literature_mined,,,-3.89,,,24.0,500.0,50.0,1.65,1.0,Toxic
ZnO,ZnO,7.5,27.4,90.0,,literature_mined,,,-3.89,,,72.0,795.0,50.0,1.65,1.0,Toxic
CuO,CuO,7.5,27.4,90.0,,literature_mined,,,-3.89,,,12.0,795.0,50.0,1.65,1.0,Toxic
ZnO,ZnO,115.0,-10.0,14.4,,literature_mined,,,-3.89,,,24.0,360.0,50.0,1.65,1.0,Toxic
ZnO,ZnO,86.0,31.3,7.0,,literature_mined,,,-3.89,,,24.0,687.0,25.0,1.65,1.0,Toxic
ZnO,ZnO,35.6,-41.6,27.9,,literature_mined,,,-3.89,,,24.0,295.5,100.0,1.65,1.0,Toxic
ZnO,ZnO,100.0,-11.7,20.0,,literature_mined,,,-3.89,,,48.0,273.4,30.0,1.65,1.0,Toxic
ZnO,ZnO,46.3,42.8,24.1,,literature_mined,,,-5.17,,,12.0,239.0,50.0,1.9,1.0,Toxic
ZnO,ZnO,35.6,-41.6,27.9,,literature_mined,,,-3.89,,,24.0,295.5,100.0,1.65,1.0,Toxic
ZnO,ZnO,46.3,42.8,24.1,,literature_mined,,,-5.17,,,12.0,239.0,20.0,1.9,1.0,Toxic
ZnO,ZnO,32.0,21.6,37.0,,literature_mined,,,-3.89,,,72.0,1093.0,50.0,1.65,1.0,Toxic
ZnO,ZnO,7.5,27.4,90.0,,literature_mined,,,-3.89,,,72.0,795.0,12.5,1.65,1.0,Toxic
ZnO,ZnO,86.0,31.3,7.0,,literature_mined,,,-3.89,,,72.0,687.0,12.5,1.65,1.0,Toxic
ZnO,ZnO,46.3,42.8,24.1,,literature_mined,,,-5.17,,,12.0,239.0,50.0,1.9,1.0,Toxic
ZnO,ZnO,86.0,31.3,7.0,,literature_mined,,,-3.89,,,72.0,687.0,25.0,1.65,1.0,Toxic
ZnO,ZnO,60.0,-2.4,7.34,,literature_mined,,,-3.89,,,24.0,936.0,40.0,1.65,1.0,Toxic
ZnO,ZnO,7.5,27.4,90.0,,literature_mined,,,-3.89,,,72.0,795.0,50.0,1.65,1.0,Toxic
CuO,CuO,60.0,-7.5,7.34,,literature_mined,,,-3.89,,,24.0,320.0,20.0,1.65,1.0,Toxic
ZnO,ZnO,60.0,-9.3,7.34,,literature_mined,,,-3.89,,,24.0,329.0,80.0,1.65,1.0,Toxic
ZnO,ZnO,60.0,-2.4,7.34,,literature_mined,,,-3.89,,,24.0,936.0,20.0,1.65,1.0,Toxic
ZnO,ZnO,32.0,21.6,37.0,,literature_mined,,,-3.89,,,12.0,1093.0,50.0,1.65,1.0,Toxic
ZnO,ZnO,7.5,27.4,90.0,,literature_mined,,,-3.89,,,72.0,795.0,25.0,1.65,1.0,Toxic
ZnO,ZnO,52.0,29.4,15.0,,literature_mined,,,-3.89,,,72.0,640.0,50.0,1.65,1.0,Toxic
ZnO,ZnO,52.0,29.4,15.0,,literature_mined,,,-3.89,,,72.0,640.0,25.0,1.65,1.0,Toxic
CuO,CuO,100.0,-11.7,20.0,,literature_mined,,,-3.89,,,48.0,273.4,25.0,1.65,1.0,Toxic
ZnO,ZnO,86.0,31.3,7.0,,literature_mined,,,-3.89,,,24.0,687.0,12.5,1.65,1.0,Toxic
ZnO,ZnO,32.0,21.6,37.0,,literature_mined,,,-3.89,,,24.0,1093.0,50.0,1.65,1.0,Toxic
ZnO,ZnO,115.0,-9.0,14.5,,literature_mined,,,-3.89,,,24.0,500.0,50.0,1.65,1.0,Toxic
ZnO,ZnO,86.0,31.3,7.0,,literature_mined,,,-3.89,,,72.0,687.0,25.0,1.65,1.0,Toxic
ZnO,ZnO,45.3,32.7,21.3,,literature_mined,,,-3.89,,,12.0,310.0,100.0,1.65,1.0,Toxic
ZnO,ZnO,46.3,42.8,24.1,,literature_mined,,,-5.17,,,24.0,239.0,50.0,1.9,1.0,Toxic
ZnO,ZnO,32.0,21.6,37.0,,literature_mined,,,-3.89,,,72.0,1093.0,25.0,1.65,1.0,Toxic
ZnO,ZnO,45.3,32.7,21.3,,literature_mined,,,-3.89,,,24.0,310.0,50.0,1.65,1.0,Toxic
ZnO,ZnO,115.0,-10.0,14.4,,literature_mined,,,-3.89,,,24.0,360.0,50.0,1.65,1.0,Toxic
ZnO,ZnO,115.0,-10.0,14.4,,literature_mined,,,-3.89,,,24.0,360.0,30.0,1.65,1.0,Toxic
ZnO,ZnO,100.0,-11.7,20.0,,literature_mined,,,-3.89,,,48.0,273.4,30.0,1.65,1.0,Toxic
CuO,CuO,32.0,21.6,37.0,,literature_mined,,,-3.89,,,24.0,1093.0,50.0,1.65,1.0,Toxic
ZnO,ZnO,35.6,-41.6,27.9,,literature_mined,,,-3.89,,,48.0,295.5,10.0,1.65,1.0,Toxic
ZnO,ZnO,32.0,21.6,37.0,,literature_mined,,,-3.89,,,72.0,1093.0,50.0,1.65,1.0,Toxic
CuO,CuO,100.0,-11.7,20.0,,literature_mined,,,-3.89,,,6.0,273.4,80.0,1.65,1.0,Toxic
ZnO,ZnO,52.0,29.4,15.0,,literature_mined,,,-3.89,,,72.0,640.0,25.0,1.65,1.0,Toxic
ZnO,ZnO,35.6,-41.6,27.9,,literature_mined,,,-3.89,,,24.0,295.5,10.0,1.65,1.0,Toxic
ZnO,ZnO,45.3,32.7,21.3,,literature_mined,,,-3.89,,,12.0,310.0,50.0,1.65,1.0,Toxic
ZnO,ZnO,100.0,-11.7,20.0,,literature_mined,,,-3.89,,,24.0,273.4,30.0,1.65,1.0,Toxic
ZnO,ZnO,46.3,42.8,24.1,,literature_mined,,,-5.17,,,24.0,239.0,50.0,1.9,1.0,Toxic
ZnO,ZnO,60.0,-9.3,7.34,,literature_mined,,,-3.89,,,24.0,329.0,40.0,1.65,1.0,Toxic
ZnO,ZnO,35.6,-41.6,27.9,,literature_mined,,,-3.89,,,24.0,295.5,10.0,1.65,1.0,Toxic
ZnO,ZnO,7.5,27.4,90.0,,literature_mined,,,-3.89,,,24.0,795.0,25.0,1.65,1.0,Toxic
ZnO,ZnO,32.0,21.6,37.0,,literature_mined,,,-3.89,,,24.0,1093.0,25.0,1.65,1.0,Toxic
ZnO,ZnO,52.0,29.4,15.0,,literature_mined,,,-3.89,,,24.0,640.0,50.0,1.65,1.0,Toxic
ZnO,ZnO,100.0,-11.7,20.0,,literature_mined,,,-3.89,,,24.0,273.4,40.0,1.65,1.0,Toxic
ZnO,ZnO,52.0,29.4,15.0,,literature_mined,,,-3.89,,,72.0,640.0,25.0,1.65,1.0,Toxic
ZnO,ZnO,52.0,29.4,15.0,,literature_mined,,,-3.89,,,24.0,640.0,25.0,1.65,1.0,Toxic
ZnO,ZnO,32.0,21.6,37.0,,literature_mined,,,-3.89,,,72.0,1093.0,50.0,1.65,1.0,Toxic
ZnO,ZnO,45.3,32.7,21.3,,literature_mined,,,-3.89,,,24.0,310.0,50.0,1.65,1.0,Toxic
ZnO,ZnO,86.0,31.3,7.0,,literature_mined,,,-3.89,,,24.0,687.0,50.0,1.65,1.0,Toxic
ZnO,ZnO,100.0,-11.7,20.0,,literature_mined,,,-3.89,,,24.0,273.4,80.0,1.65,1.0,Toxic
ZnO,ZnO,86.0,31.3,7.0,,literature_mined,,,-3.89,,,72.0,687.0,25.0,1.65,1.0,Toxic
ZnO,ZnO,35.6,-41.6,27.9,,literature_mined,,,-3.89,,,24.0,295.5,10.0,1.65,1.0,Toxic
ZnO,ZnO,45.3,32.7,21.3,,literature_mined,,,-3.89,,,12.0,310.0,50.0,1.65,1.0,Toxic
ZnO,ZnO,100.0,-11.7,20.0,,literature_mined,,,-3.89,,,48.0,273.4,30.0,1.65,1.0,Toxic
ZnO,ZnO,46.3,42.8,24.1,,literature_mined,,,-5.17,,,24.0,239.0,100.0,1.9,1.0,Toxic
ZnO,ZnO,100.0,-11.7,20.0,,literature_mined,,,-3.89,,,6.0,273.4,80.0,1.65,1.0,Toxic
ZnO,ZnO,60.0,-9.3,7.34,,literature_mined,,,-3.89,,,24.0,329.0,80.0,1.65,1.0,Toxic
ZnO,ZnO,52.0,29.4,15.0,,literature_mined,,,-3.89,,,72.0,640.0,50.0,1.65,1.0,Toxic
ZnO,ZnO,115.0,-9.0,14.5,,literature_mined,,,-3.89,,,24.0,500.0,50.0,1.65,1.0,Toxic
ZnO,ZnO,7.5,27.4,90.0,,literature_mined,,,-3.89,,,12.0,795.0,25.0,1.65,1.0,Toxic
ZnO,ZnO,7.5,27.4,90.0,,literature_mined,,,-3.89,,,24.0,795.0,25.0,1.65,1.0,Toxic
ZnO,ZnO,7.5,27.4,90.0,,literature_mined,,,-3.89,,,72.0,795.0,25.0,1.65,1.0,Toxic
ZnO,ZnO,125.0,-40.8,38.0,,literature_mined,,,-4.16,,,72.0,1054.0,50.0,1.54,2.0,Toxic
ZnO,ZnO,115.0,-9.0,14.5,,literature_mined,,,-3.89,,,24.0,500.0,50.0,1.65,1.0,Toxic
ZnO,ZnO,35.6,-41.6,27.9,,literature_mined,,,-3.89,,,24.0,295.5,10.0,1.65,1.0,Toxic
ZnO,ZnO,45.3,32.7,21.3,,literature_mined,,,-3.89,,,12.0,310.0,100.0,1.65,1.0,Toxic
ZnO,ZnO,46.3,42.8,24.1,,literature_mined,,,-5.17,,,12.0,239.0,20.0,1.9,1.0,Toxic
CuO,CuO,46.3,42.8,24.1,,literature_mined,,,-5.17,,,12.0,239.0,50.0,1.9,1.0,Toxic
ZnO,ZnO,86.0,31.3,7.0,,literature_mined,,,-3.89,,,24.0,687.0,50.0,1.65,1.0,Toxic
ZnO,ZnO,86.0,31.3,7.0,,literature_mined,,,-3.89,,,72.0,687.0,12.5,1.65,1.0,Toxic
ZnO,ZnO,45.3,32.7,21.3,,literature_mined,,,-3.89,,,24.0,310.0,100.0,1.65,1.0,Toxic
ZnO,ZnO,32.0,21.6,37.0,,literature_mined,,,-3.89,,,72.0,1093.0,12.5,1.65,1.0,Toxic
ZnO,ZnO,46.3,42.8,24.1,,literature_mined,,,-5.17,,,12.0,239.0,50.0,1.9,1.0,Toxic
CuO,CuO,100.0,-11.7,20.0,,literature_mined,,,-3.89,,,48.0,273.4,40.0,1.65,1.0,Toxic
ZnO,ZnO,115.0,-10.0,14.4,,literature_mined,,,-3.89,,,24.0,360.0,50.0,1.65,1.0,Toxic
ZnO,ZnO,7.5,27.4,90.0,,literature_mined,,,-3.89,,,12.0,795.0,25.0,1.65,1.0,Toxic
ZnO,ZnO,32.0,21.6,37.0,,literature_mined,,,-3.89,,,72.0,1093.0,50.0,1.65,1.0,Toxic
ZnO,ZnO,60.0,-2.4,7.34,,literature_mined,,,-3.89,,,24.0,936.0,20.0,1.65,1.0,Toxic
ZnO,ZnO,60.0,-2.4,7.34,,literature_mined,,,-3.89,,,24.0,936.0,20.0,1.65,1.0,Toxic
ZnO,ZnO,100.0,-11.7,20.0,,literature_mined,,,-3.89,,,6.0,273.4,80.0,1.65,1.0,Toxic
ZnO,ZnO,100.0,-11.7,20.0,,literature_mined,,,-3.89,,,24.0,273.4,40.0,1.65,1.0,Toxic
ZnO,ZnO,35.6,-41.6,27.9,,literature_mined,,,-3.89,,,48.0,295.5,100.0,1.65,1.0,Toxic
ZnO,ZnO,35.6,-41.6,27.9,,literature_mined,,,-3.89,,,24.0,295.5,100.0,1.65,1.0,Toxic
ZnO,ZnO,100.0,-11.7,20.0,,literature_mined,,,-3.89,,,6.0,273.4,80.0,1.65,1.0,Toxic
ZnO,ZnO,32.0,21.6,37.0,,literature_mined,,,-3.89,,,24.0,1093.0,50.0,1.65,1.0,Toxic
ZnO,ZnO,32.0,21.6,37.0,,literature_mined,,,-3.89,,,72.0,1093.0,25.0,1.65,1.0,Toxic
ZnO,ZnO,32.0,21.6,37.0,,literature_mined,,,-3.89,,,12.0,1093.0,50.0,1.65,1.0,Toxic
ZnO,ZnO,60.0,-9.3,7.34,,literature_mined,,,-3.89,,,24.0,329.0,80.0,1.65,1.0,Toxic
CuO,CuO,46.3,42.8,24.1,,literature_mined,,,-5.17,,,24.0,239.0,100.0,1.9,1.0,Toxic
ZnO,ZnO,35.6,-41.6,27.9,,literature_mined,,,-3.89,,,24.0,295.5,100.0,1.65,1.0,Toxic
ZnO,ZnO,100.0,-11.7,20.0,,literature_mined,,,-3.89,,,48.0,273.4,40.0,1.65,1.0,Toxic
ZnO,ZnO,46.3,42.8,24.1,,literature_mined,,,-5.17,,,12.0,239.0,50.0,1.9,1.0,Toxic
ZnO,ZnO,100.0,-11.7,20.0,,literature_mined,,,-3.89,,,24.0,273.4,80.0,1.65,1.0,Toxic
TiO2,TiO2,46.3,42.8,24.1,,literature_mined,,,-5.17,,,24.0,239.0,50.0,1.9,1.0,Toxic
ZnO,ZnO,35.6,-41.6,27.9,,literature_mined,,,-3.89,,,48.0,295.5,10.0,1.65,1.0,Toxic
ZnO,ZnO,46.3,42.8,24.1,,literature_mined,,,-5.17,,,24.0,239.0,20.0,1.9,1.0,Toxic
ZnO,ZnO,7.5,27.4,90.0,,literature_mined,,,-3.89,,,12.0,795.0,25.0,1.65,1.0,Toxic
ZnO,ZnO,115.0,-10.0,14.4,,literature_mined,,,-3.89,,,24.0,360.0,50.0,1.65,1.0,Toxic
ZnO,ZnO,100.0,-11.7,20.0,,literature_mined,,,-3.89,,,48.0,273.4,25.0,1.65,1.0,Toxic
ZnO,ZnO,60.0,-2.4,7.34,,literature_mined,,,-3.89,,,24.0,936.0,20.0,1.65,1.0,Toxic
ZnO,ZnO,115.0,-10.0,14.4,,literature_mined,,,-3.89,,,24.0,360.0,30.0,1.65,1.0,Toxic
ZnO,ZnO,7.5,27.4,90.0,,literature_mined,,,-3.89,,,12.0,795.0,50.0,1.65,1.0,Toxic
ZnO,ZnO,32.0,21.6,37.0,,literature_mined,,,-3.89,,,24.0,1093.0,50.0,1.65,1.0,Toxic
ZnO,ZnO,46.3,42.8,24.1,,literature_mined,,,-5.17,,,24.0,239.0,100.0,1.9,1.0,Toxic
ZnO,ZnO,35.6,-41.6,27.9,,literature_mined,,,-3.89,,,24.0,295.5,100.0,1.65,1.0,Toxic
ZnO,ZnO,115.0,-9.0,14.5,,literature_mined,,,-3.89,,,24.0,500.0,80.0,1.65,1.0,Toxic
ZnO,ZnO,32.0,21.6,37.0,,literature_mined,,,-3.89,,,24.0,1093.0,25.0,1.65,1.0,Toxic
ZnO,ZnO,46.3,42.8,24.1,,literature_mined,,,-5.17,,,24.0,239.0,10.0,1.9,1.0,Toxic
ZnO,ZnO,115.0,-10.0,14.4,,literature_mined,,,-3.89,,,24.0,360.0,50.0,1.65,1.0,Toxic
ZnO,ZnO,32.0,21.6,37.0,,literature_mined,,,-3.89,,,12.0,1093.0,50.0,1.65,1.0,Toxic
CuO,CuO,86.0,31.3,7.0,,literature_mined,,,-3.89,,,24.0,687.0,25.0,1.65,1.0,Toxic
ZnO,ZnO,45.3,32.7,21.3,,literature_mined,,,-3.89,,,12.0,310.0,100.0,1.65,1.0,Toxic
ZnO,ZnO,115.0,-10.0,14.4,,literature_mined,,,-3.89,,,24.0,360.0,50.0,1.65,1.0,Toxic
ZnO,ZnO,45.3,32.7,21.3,,literature_mined,,,-3.89,,,24.0,310.0,50.0,1.65,1.0,Toxic
ZnO,ZnO,115.0,-9.0,14.5,,literature_mined,,,-3.89,,,24.0,500.0,80.0,1.65,1.0,Toxic
ZnO,ZnO,7.5,27.4,90.0,,literature_mined,,,-3.89,,,24.0,795.0,25.0,1.65,1.0,Toxic
ZnO,ZnO,115.0,-9.0,14.5,,literature_mined,,,-3.89,,,24.0,500.0,30.0,1.65,1.0,Toxic
CuO,CuO,100.0,-11.7,20.0,,literature_mined,,,-3.89,,,24.0,273.4,25.0,1.65,1.0,Toxic
ZnO,ZnO,115.0,-9.0,14.5,,literature_mined,,,-3.89,,,24.0,500.0,50.0,1.65,1.0,Toxic
ZnO,ZnO,125.0,-40.8,38.0,,literature_mined,,,-4.16,,,72.0,1054.0,50.0,1.54,2.0,Toxic
CuO,CuO,46.3,42.8,24.1,,literature_mined,,,-5.17,,,12.0,239.0,50.0,1.9,1.0,Toxic
ZnO,ZnO,100.0,-11.7,20.0,,literature_mined,,,-3.89,,,48.0,273.4,25.0,1.65,1.0,Toxic
ZnO,ZnO,115.0,-9.0,14.5,,literature_mined,,,-3.89,,,24.0,500.0,50.0,1.65,1.0,Toxic
ZnO,ZnO,52.0,29.4,15.0,,literature_mined,,,-3.89,,,72.0,640.0,50.0,1.65,1.0,Toxic
CuO,CuO,86.0,31.3,7.0,,literature_mined,,,-3.89,,,24.0,687.0,25.0,1.65,1.0,Toxic
ZnO,ZnO,60.0,-7.5,7.34,,literature_mined,,,-3.89,,,24.0,320.0,20.0,1.65,1.0,Toxic
ZnO,ZnO,7.5,27.4,90.0,,literature_mined,,,-3.89,,,24.0,795.0,25.0,1.65,1.0,Toxic
ZnO,ZnO,45.3,32.7,21.3,,literature_mined,,,-3.89,,,24.0,310.0,50.0,1.65,1.0,Toxic
ZnO,ZnO,115.0,-10.0,14.4,,literature_mined,,,-3.89,,,24.0,360.0,80.0,1.65,1.0,Toxic
ZnO,ZnO,60.0,-9.3,7.34,,literature_mined,,,-3.89,,,24.0,329.0,80.0,1.65,1.0,Toxic
ZnO,ZnO,32.0,21.6,37.0,,literature_mined,,,-3.89,,,12.0,1093.0,50.0,1.65,1.0,Toxic
ZnO,ZnO,100.0,-11.7,20.0,,literature_mined,,,-3.89,,,48.0,273.4,25.0,1.65,1.0,Toxic
ZnO,ZnO,60.0,-9.3,7.34,,literature_mined,,,-3.89,,,24.0,329.0,40.0,1.65,1.0,Toxic
ZnO,ZnO,46.3,42.8,24.1,,literature_mined,,,-5.17,,,12.0,239.0,100.0,1.9,1.0,Toxic
ZnO,ZnO,115.0,-10.0,14.4,,literature_mined,,,-3.89,,,24.0,360.0,30.0,1.65,1.0,Toxic
ZnO,ZnO,60.0,-9.3,7.34,,literature_mined,,,-3.89,,,24.0,329.0,40.0,1.65,1.0,Toxic
ZnO,ZnO,32.0,21.6,37.0,,literature_mined,,,-3.89,,,72.0,1093.0,12.5,1.65,1.0,Toxic
ZnO,ZnO,115.0,-9.0,14.5,,literature_mined,,,-3.89,,,24.0,500.0,50.0,1.65,1.0,Toxic
ZnO,ZnO,100.0,-11.7,20.0,,literature_mined,,,-3.89,,,48.0,273.4,30.0,1.65,1.0,Toxic
ZnO,ZnO,100.0,-11.7,20.0,,literature_mined,,,-3.89,,,24.0,273.4,80.0,1.65,1.0,Toxic
ZnO,ZnO,35.6,-41.6,27.9,,literature_mined,,,-3.89,,,24.0,295.5,10.0,1.65,1.0,Toxic
ZnO,ZnO,46.3,42.8,24.1,,literature_mined,,,-5.17,,,24.0,239.0,10.0,1.9,1.0,Toxic
ZnO,ZnO,115.0,-10.0,14.4,,literature_mined,,,-3.89,,,24.0,360.0,80.0,1.65,1.0,Toxic
ZnO,ZnO,35.6,-41.6,27.9,,literature_mined,,,-3.89,,,48.0,295.5,10.0,1.65,1.0,Toxic
ZnO,ZnO,35.6,-41.6,27.9,,literature_mined,,,-3.89,,,48.0,295.5,10.0,1.65,1.0,Toxic
ZnO,ZnO,60.0,-7.5,7.34,,literature_mined,,,-3.89,,,24.0,320.0,40.0,1.65,1.0,Toxic
ZnO,ZnO,35.6,-41.6,27.9,,literature_mined,,,-3.89,,,48.0,295.5,100.0,1.65,1.0,Toxic
ZnO,ZnO,46.3,42.8,24.1,,literature_mined,,,-5.17,,,24.0,239.0,20.0,1.9,1.0,Toxic
ZnO,ZnO,52.0,29.4,15.0,,literature_mined,,,-3.89,,,24.0,640.0,25.0,1.65,1.0,Toxic
ZnO,ZnO,100.0,-11.7,20.0,,literature_mined,,,-3.89,,,3.0,273.4,80.0,1.65,1.0,Toxic
ZnO,ZnO,46.3,42.8,24.1,,literature_mined,,,-5.17,,,24.0,239.0,50.0,1.9,1.0,Toxic
ZnO,ZnO,100.0,-11.7,20.0,,literature_mined,,,-3.89,,,48.0,273.4,25.0,1.65,1.0,Toxic
ZnO,ZnO,115.0,-10.0,14.4,,literature_mined,,,-3.89,,,24.0,360.0,50.0,1.65,1.0,Toxic
ZnO,ZnO,35.6,-41.6,27.9,,literature_mined,,,-3.89,,,24.0,295.5,100.0,1.65,1.0,Toxic
ZnO,ZnO,35.6,-41.6,27.9,,literature_mined,,,-3.89,,,24.0,295.5,10.0,1.65,1.0,Toxic
ZnO,ZnO,125.0,-40.8,38.0,,literature_mined,,,-4.16,,,72.0,1054.0,50.0,1.54,2.0,Toxic
CuO,CuO,46.3,42.8,24.1,,literature_mined,,,-5.17,,,12.0,239.0,20.0,1.9,1.0,Toxic
ZnO,ZnO,60.0,-2.4,7.34,,literature_mined,,,-3.89,,,24.0,936.0,20.0,1.65,1.0,Toxic
CuO,CuO,32.0,21.6,37.0,,literature_mined,,,-3.89,,,72.0,1093.0,50.0,1.65,1.0,Toxic
ZnO,ZnO,46.3,42.8,24.1,,literature_mined,,,-5.17,,,24.0,239.0,10.0,1.9,1.0,Toxic
ZnO,ZnO,7.5,27.4,90.0,,literature_mined,,,-3.89,,,12.0,795.0,25.0,1.65,1.0,Toxic
ZnO,ZnO,35.6,-41.6,27.9,,literature_mined,,,-3.89,,,24.0,295.5,10.0,1.65,1.0,Toxic
ZnO,ZnO,46.3,42.8,24.1,,literature_mined,,,-5.17,,,24.0,239.0,10.0,1.9,1.0,Toxic
ZnO,ZnO,32.0,21.6,37.0,,literature_mined,,,-3.89,,,24.0,1093.0,50.0,1.65,1.0,Toxic
ZnO,ZnO,52.0,29.4,15.0,,literature_mined,,,-3.89,,,72.0,640.0,50.0,1.65,1.0,Toxic
ZnO,ZnO,115.0,-9.0,14.5,,literature_mined,,,-3.89,,,24.0,500.0,50.0,1.65,1.0,Toxic
ZnO,ZnO,32.0,21.6,37.0,,literature_mined,,,-3.89,,,24.0,1093.0,25.0,1.65,1.0,Toxic
ZnO,ZnO,100.0,-11.7,20.0,,literature_mined,,,-3.89,,,24.0,273.4,40.0,1.65,1.0,Toxic
ZnO,ZnO,52.0,29.4,15.0,,literature_mined,,,-3.89,,,24.0,640.0,12.5,1.65,1.0,Toxic
ZnO,ZnO,46.3,42.8,24.1,,literature_mined,,,-5.17,,,12.0,239.0,100.0,1.9,1.0,Toxic
ZnO,ZnO,52.0,29.4,15.0,,literature_mined,,,-3.89,,,72.0,640.0,50.0,1.65,1.0,Toxic
ZnO,ZnO,46.3,42.8,24.1,,literature_mined,,,-5.17,,,12.0,239.0,50.0,1.9,1.0,Toxic
CuO,CuO,60.0,-7.5,7.34,,literature_mined,,,-3.89,,,24.0,320.0,40.0,1.65,1.0,Toxic
ZnO,ZnO,100.0,-11.7,20.0,,literature_mined,,,-3.89,,,48.0,273.4,40.0,1.65,1.0,Toxic
ZnO,ZnO,100.0,-11.7,20.0,,literature_mined,,,-3.89,,,48.0,273.4,35.0,1.65,1.0,Toxic
ZnO,ZnO,60.0,-2.4,7.34,,literature_mined,,,-3.89,,,24.0,936.0,20.0,1.65,1.0,Toxic
CuO,CuO,32.0,21.6,37.0,,literature_mined,,,-3.89,,,12.0,1093.0,50.0,1.65,1.0,Toxic
ZnO,ZnO,60.0,-7.5,7.34,,literature_mined,,,-3.89,,,24.0,320.0,80.0,1.65,1.0,Toxic
ZnO,ZnO,86.0,31.3,7.0,,literature_mined,,,-3.89,,,24.0,687.0,12.5,1.65,1.0,Toxic
ZnO,ZnO,7.5,27.4,90.0,,literature_mined,,,-3.89,,,12.0,795.0,25.0,1.65,1.0,Toxic
ZnO,ZnO,35.6,-41.6,27.9,,literature_mined,,,-3.89,,,24.0,295.5,100.0,1.65,1.0,Toxic
ZnO,ZnO,60.0,-7.5,7.34,,literature_mined,,,-3.89,,,24.0,320.0,80.0,1.65,1.0,Toxic
ZnO,ZnO,35.6,-41.6,27.9,,literature_mined,,,-3.89,,,48.0,295.5,100.0,1.65,1.0,Toxic
ZnO,ZnO,115.0,-9.0,14.5,,literature_mined,,,-3.89,,,24.0,500.0,30.0,1.65,1.0,Toxic
ZnO,ZnO,115.0,-9.0,14.5,,literature_mined,,,-3.89,,,24.0,500.0,50.0,1.65,1.0,Toxic
CuO,CuO,115.0,-10.0,14.4,,literature_mined,,,-3.89,,,24.0,360.0,50.0,1.65,1.0,Toxic
ZnO,ZnO,45.3,32.7,21.3,,literature_mined,,,-3.89,,,24.0,310.0,20.0,1.65,1.0,Toxic
ZnO,ZnO,32.0,21.6,37.0,,literature_mined,,,-3.89,,,24.0,1093.0,25.0,1.65,1.0,Toxic
ZnO,ZnO,46.3,42.8,24.1,,literature_mined,,,-5.17,,,12.0,239.0,100.0,1.9,1.0,Toxic
ZnO,ZnO,35.6,-41.6,27.9,,literature_mined,,,-3.89,,,24.0,295.5,10.0,1.65,1.0,Toxic
ZnO,ZnO,46.3,42.8,24.1,,literature_mined,,,-5.17,,,24.0,239.0,100.0,1.9,1.0,Toxic
