name,material_type,core_size_nm,zeta_potential_mv,surface_area_m2g,coating,source_type,doi,ic50,ec50,pec50,cell_line,exposure_time_h
Field2011 Batch1 M1,Nanomaterial,286.0,,,,literature_mined,,,,,,
Field2011 Batch2 M1,Nanomaterial,283.0,,,,literature_mined,,,,,,
Field2011 Batch3 M1,Nanomaterial,150.0,,,,literature_mined,,,,,,
Cho2012 NM1 M1,Metal Oxide,81.0,,,,literature_mined,,,,,,
Cho2012 NM2 M1,Metal Oxide,65.0,,,,literature_mined,,,,,,
Cho2012 NM3 M1,Metal Oxide,88.0,,,,literature_mined,,,,,,
Cho2012 NM4 M1,Metal Oxide,132.0,,,,literature_mined,,,,,,
Cho2012 NM5 M1,Metal Oxide,185.0,,,,literature_mined,,,,,,
Cho2012 NM6 M1,Metal Oxide,173.0,,,,literature_mined,,,,,,
Cho2012 NM7 M1,Metal Oxide,112.0,,,,literature_mined,,,,,,
Cho2012 NM8 M1,Metal Oxide,99.0,,,,literature_mined,,,,,,
Cho2012 NM9 M1,Metal Oxide,116.0,,,,literature_mined,,,,,,
Cho2012 NM10 M1,Metal Oxide,92.0,,,,literature_mined,,,,,,
Cho2012 NM11 M1,Metal Oxide,378.0,,,,literature_mined,,,,,,
Cho2012 NM12 M1,Metal Oxide,105.0,,,,literature_mined,,,,,,
Cho2012 NM13 M1,Metal Oxide,119.0,,,,literature_mined,,,,,,
Cho2012 NM14 M1,Metal Oxide,306.0,,,,literature_mined,,,,,,
Cho2012 NM15 M1,Metal Oxide,282.0,,,,literature_mined,,,,,,
Rancan2012 M1 M1,Nanomaterial,42.0,,,,literature_mined,,,,,,
Rancan2012 M1 M2,Nanomaterial,110.0,,,,literature_mined,,,,,,
Rancan2012 M1 M3,Nanomaterial,,,,,literature_mined,,,-22.0,,,
Rancan2012 M2 M1,Nanomaterial,75.0,,,,literature_mined,,,,,,
Rancan2012 M3 M1,Nanomaterial,190.0,,,,literature_mined,,,,,,
Rancan2012 M4 M1,Nanomaterial,291.0,,,,literature_mined,,,,,,
Rancan2012 M2 M2,Nanomaterial,101.0,,,,literature_mined,,,,,,
Rancan2012 M3 M2,Nanomaterial,206.0,,,,literature_mined,,,,,,
Rancan2012 M4 M2,Nanomaterial,331.0,,,,literature_mined,,,,,,
Rancan2012 C1,Nanomaterial,,,,,literature_mined,,,7.0,5.154901959985743,,
Rancan2012 M1 M3 C1,Nanomaterial,,,,,literature_mined,,,7.0,5.154901959985743,,
Rancan2012 M2 M3,Nanomaterial,,,,,literature_mined,,,-45.0,,,
Rancan2012 M3 M3,Nanomaterial,,,,,literature_mined,,,-56.0,,,
Rancan2012 M4 M3,Nanomaterial,,,,,literature_mined,,,-48.0,,,
Rancan2012 M5 M3,Nanomaterial,,,,,literature_mined,,,12.0,4.920818753952375,,
Rancan2012 M6 M3,Nanomaterial,,,,,literature_mined,,,11.0,4.958607314841775,,
Rancan2012 M7 M3,Nanomaterial,,,,,literature_mined,,,10.0,5.0,,
Rancan2012 M8 M3,Nanomaterial,,,,,literature_mined,,,10.0,5.0,,
Zhang2013 M24 M1,Nanomaterial,40.1,,,,literature_mined,,,,,,
Zhang2013 M23 M1,Nanomaterial,22.5,,,,literature_mined,,,,,,
Zhang2013 M22 M1,Nanomaterial,61.7,,,,literature_mined,,,,,,
Zhang2013 M21 M1,Nanomaterial,32.7,,,,literature_mined,,,,,,
Zhang2013 M20 M1,Nanomaterial,16.6,,,,literature_mined,,,,,,
Zhang2013 M1 M1,Nanomaterial,14.7,,,,literature_mined,,,,,,
Zhang2013 M2 M1,Nanomaterial,12.8,,,,literature_mined,,,,,,
Zhang2013 M3 M1,Nanomaterial,18.3,,,,literature_mined,,,,,,
Zhang2013 M4 M1,Nanomaterial,10.0,,,,literature_mined,,,,,,
Zhang2013 M5 M1,Nanomaterial,71.8,,,,literature_mined,,,,,,
Zhang2013 M6 M1,Nanomaterial,193.0,,,,literature_mined,,,,,,
Zhang2013 M7 M1,Nanomaterial,12.3,,,,literature_mined,,,,,,
Zhang2013 M8 M1,Nanomaterial,12.0,,,,literature_mined,,,,,,
Zhang2013 M9 M1,Nanomaterial,43.8,,,,literature_mined,,,,,,
Zhang2013 M10 M1,Nanomaterial,28.4,,,,literature_mined,,,,,,
Zhang2013 M11 M1,Nanomaterial,59.6,,,,literature_mined,,,,,,
Zhang2013 M12 M1,Nanomaterial,24.6,,,,literature_mined,,,,,,
Zhang2013 M13 M1,Nanomaterial,51.5,,,,literature_mined,,,,,,
Zhang2013 M14 M1,Nanomaterial,13.1,,,,literature_mined,,,,,,
Zhang2013 M15 M1,Nanomaterial,140.6,,,,literature_mined,,,,,,
Zhang2013 M16 M1,Nanomaterial,11.8,,,,literature_mined,,,,,,
Zhang2013 M17 M1,Nanomaterial,13.5,,,,literature_mined,,,,,,
Zhang2013 M18 M1,Nanomaterial,62.4,,,,literature_mined,,,,,,
Zhang2013 M19 M1,Nanomaterial,12.6,,,,literature_mined,,,,,,
Lin2011 M4 M1,Nanomaterial,23.0,,,,literature_mined,,,,,,
Lin2011 M3 M1,Nanomaterial,40.0,,,,literature_mined,,,,,,
Lin2011 M2 M1,Nanomaterial,18.0,,,,literature_mined,,,,,,
Lin2011 M1 M1,Nanomaterial,12.0,,,,literature_mined,,,,,,
Lin2011 M1 M2,Nanomaterial,665.0,,,,literature_mined,,,,,,
Lin2011 M2 M2,Nanomaterial,617.0,,,,literature_mined,,,,,,
Lin2011 M3 M2,Nanomaterial,855.0,,,,literature_mined,,,,,,
Lin2011 M4 M2,Nanomaterial,889.0,,,,literature_mined,,,,,,
Lin2011 M4 M3,Nanomaterial,,,,,literature_mined,,,-15.1,,,
Lin2011 M1 M3,Nanomaterial,,,,,literature_mined,,,-12.2,,,
Lin2011 M2 M3,Nanomaterial,,,,,literature_mined,,,-11.9,,,
Lin2011 M3 M3,Nanomaterial,,,,,literature_mined,,,-13.2,,,
Docter2014 M1 M1,Nanomaterial,19.2,,,,literature_mined,,,,,,
Docter2014 M2 M1,Nanomaterial,31.4,,,,literature_mined,,,,,,
Docter2014 M3 M1,Nanomaterial,31.2,,,,literature_mined,,,,,,
Docter2014 M4 M1,Nanomaterial,30.6,,,,literature_mined,,,,,,
Docter2014 M5 M1,Nanomaterial,27.2,,,,literature_mined,,,,,,
Docter2014 M6 M1,Nanomaterial,109.8,,,,literature_mined,,,,,,
Docter2014 M6 M2,Nanomaterial,,,,,literature_mined,,,-55.0,,,
Docter2014 M5 M2,Nanomaterial,,,,,literature_mined,,,-58.0,,,
Docter2014 M4 M2,Nanomaterial,,,,,literature_mined,,,-56.0,,,
Docter2014 M3 M2,Nanomaterial,,,,,literature_mined,,,-57.0,,,
Docter2014 M2 M2,Nanomaterial,,,,,literature_mined,,,-53.0,,,
Docter2014 M1 M2,Nanomaterial,,,,,literature_mined,,,-58.0,,,
Shaw51 51 M1,Nanomaterial,,,,,literature_mined,,,-16.8,,,
Shaw51 50 M1,Nanomaterial,,,,,literature_mined,,,-16.8,,,
Shaw51 49 M1,Nanomaterial,,,,,literature_mined,,,-11.3,,,
Shaw51 48 M1,Nanomaterial,,,,,literature_mined,,,-37.0,,,
Shaw51 47 M1,Nanomaterial,,,,,literature_mined,,,-9.23,,,
Shaw51 46 M1,Nanomaterial,,,,,literature_mined,,,-14.5,,,
Shaw51 45 M1,Nanomaterial,,,,,literature_mined,,,-13.6,,,
Shaw51 43 M1,Nanomaterial,,,,,literature_mined,,,-6.75,,,
Shaw51 42 M1,Nanomaterial,,,,,literature_mined,,,-7.7,,,
Shaw51 41 M1,Nanomaterial,,,,,literature_mined,,,-10.8,,,
Shaw51 40 M1,Nanomaterial,,,,,literature_mined,,,-6.54,,,
Shaw51 39 M1,Nanomaterial,,,,,literature_mined,,,-6.47,,,
Shaw51 38 M1,Nanomaterial,,,,,literature_mined,,,-4.7,,,
Shaw51 37 M1,Nanomaterial,,,,,literature_mined,,,-16.1,,,
Shaw51 36 M1,Nanomaterial,,,,,literature_mined,,,-15.6,,,
Shaw51 35 M1,Nanomaterial,,,,,literature_mined,,,-12.1,,,
Shaw51 34 M1,Nanomaterial,,,,,literature_mined,,,-4.3,,,
Shaw51 33 M1,Nanomaterial,,,,,literature_mined,,,-7.15,,,
Shaw51 32 M1,Nanomaterial,,,,,literature_mined,,,-4.22,,,
Shaw51 31 M1,Nanomaterial,,,,,literature_mined,,,-12.3,,,
Shaw51 30 M1,Nanomaterial,,,,,literature_mined,,,-6.05,,,
Shaw51 29 M1,Nanomaterial,,,,,literature_mined,,,0.25,6.6020599913279625,,
Shaw51 28 M1,Nanomaterial,,,,,literature_mined,,,-7.57,,,
Shaw51 27 M1,Nanomaterial,,,,,literature_mined,,,-3.77,,,
Shaw51 26 M1,Nanomaterial,,,,,literature_mined,,,-12.0,,,
Shaw51 25 M1,Nanomaterial,,,,,literature_mined,,,-0.877,,,
Shaw51 24 M1,Nanomaterial,,,,,literature_mined,,,-18.4,,,
Shaw51 23 M1,Nanomaterial,,,,,literature_mined,,,-6.11,,,
Shaw51 22 M1,Nanomaterial,,,,,literature_mined,,,-21.9,,,
Shaw51 21 M1,Nanomaterial,,,,,literature_mined,,,-9.23,,,
Shaw51 20 M1,Nanomaterial,,,,,literature_mined,,,-9.34,,,
Shaw51 19 M1,Nanomaterial,,,,,literature_mined,,,-3.61,,,
Shaw51 18 M1,Nanomaterial,,,,,literature_mined,,,-9.08,,,
Shaw51 17 M1,Nanomaterial,,,,,literature_mined,,,-20.7,,,
Shaw51 16 M1,Nanomaterial,,,,,literature_mined,,,0.766,6.115771230367396,,
Shaw51 15 M1,Nanomaterial,,,,,literature_mined,,,-11.7,,,
Shaw51 14 M1,Nanomaterial,,,,,literature_mined,,,2.34,5.6307841425898575,,
Shaw51 13 M1,Nanomaterial,,,,,literature_mined,,,3.09,5.510041520575165,,
Shaw51 12 M1,Nanomaterial,,,,,literature_mined,,,3.64,5.438898616350944,,
Shaw51 11 M1,Nanomaterial,,,,,literature_mined,,,-9.46,,,
Shaw51 10 M1,Nanomaterial,,,,,literature_mined,,,3.24,5.489454989793388,,
Shaw51 09 M1,Nanomaterial,,,,,literature_mined,,,-14.0,,,
Shaw51 08 M1,Nanomaterial,,,,,literature_mined,,,-19.5,,,
Shaw51 07 M1,Nanomaterial,,,,,literature_mined,,,-10.1,,,
Shaw51 06 M1,Nanomaterial,,,,,literature_mined,,,1.95,5.709965388637482,,
Shaw51 05 M1,Nanomaterial,,,,,literature_mined,,,-3.34,,,
Shaw51 04 M1,Nanomaterial,,,,,literature_mined,,,-2.72,,,
Shaw51 03 M1,Nanomaterial,,,,,literature_mined,,,5.9,5.229147988357856,,
Shaw51 02 M1,Nanomaterial,,,,,literature_mined,,,-9.22,,,
Shaw51 01 M1,Nanomaterial,,,,,literature_mined,,,-11.9,,,
Shaw51 01 M2,Nanomaterial,36.0,,,,literature_mined,,,,,,
Shaw51 02 M2,Nanomaterial,30.0,,,,literature_mined,,,,,,
Shaw51 03 M2,Nanomaterial,74.0,,,,literature_mined,,,,,,
Shaw51 04 M2,Nanomaterial,74.0,,,,literature_mined,,,,,,
Shaw51 05 M2,Nanomaterial,27.0,,,,literature_mined,,,,,,
Shaw51 06 M2,Nanomaterial,29.0,,,,literature_mined,,,,,,
Shaw51 07 M2,Nanomaterial,38.0,,,,literature_mined,,,,,,
Shaw51 08 M2,Nanomaterial,33.0,,,,literature_mined,,,,,,
Shaw51 09 M2,Nanomaterial,36.0,,,,literature_mined,,,,,,
Shaw51 10 M2,Nanomaterial,31.0,,,,literature_mined,,,,,,
Shaw51 11 M2,Nanomaterial,31.0,,,,literature_mined,,,,,,
Shaw51 12 M2,Nanomaterial,31.0,,,,literature_mined,,,,,,
Shaw51 14 M2,Nanomaterial,28.0,,,,literature_mined,,,,,,
Shaw51 15 M2,Nanomaterial,24.0,,,,literature_mined,,,,,,
Shaw51 16 M2,Nanomaterial,37.0,,,,literature_mined,,,,,,
Shaw51 17 M2,Nanomaterial,38.0,,,,literature_mined,,,,,,
Shaw51 18 M2,Nanomaterial,38.0,,,,literature_mined,,,,,,
Shaw51 19 M2,Nanomaterial,31.0,,,,literature_mined,,,,,,
Shaw51 20 M2,Nanomaterial,38.0,,,,literature_mined,,,,,,
Shaw51 21 M2,Nanomaterial,28.0,,,,literature_mined,,,,,,
Shaw51 22 M2,Nanomaterial,36.0,,,,literature_mined,,,,,,
Shaw51 23 M2,Nanomaterial,31.0,,,,literature_mined,,,,,,
Shaw51 31 M2,Nanomaterial,20.0,,,,literature_mined,,,,,,
Shaw51 32 M2,Nanomaterial,20.0,,,,literature_mined,,,,,,
Shaw51 34 M2,Nanomaterial,20.0,,,,literature_mined,,,,,,
Shaw51 35 M2,Nanomaterial,20.0,,,,literature_mined,,,,,,
Shaw51 36 M2,Nanomaterial,20.0,,,,literature_mined,,,,,,
Shaw51 37 M2,Nanomaterial,20.0,,,,literature_mined,,,,,,
Shaw51 38 M2,Nanomaterial,20.0,,,,literature_mined,,,,,,
Shaw51 39 M2,Nanomaterial,20.0,,,,literature_mined,,,,,,
Shaw51 40 M2,Nanomaterial,20.0,,,,literature_mined,,,,,,
Shaw51 41 M2,Nanomaterial,20.0,,,,literature_mined,,,,,,
Shaw51 42 M2,Nanomaterial,20.0,,,,literature_mined,,,,,,
Shaw51 43 M2,Nanomaterial,20.0,,,,literature_mined,,,,,,
Shaw51 44 M2,Nanomaterial,20.0,,,,literature_mined,,,,,,
Shaw51 45 M2,Nanomaterial,20.0,,,,literature_mined,,,,,,
Shaw51 46 M2,Nanomaterial,33.0,,,,literature_mined,,,,,,
Shaw51 47 M2,Nanomaterial,28.0,,,,literature_mined,,,,,,
Shaw51 48 M2,Nanomaterial,25.0,,,,literature_mined,,,,,,
Antisari2013 M5 M1,Nanomaterial,61.0,,,,literature_mined,,,,,,
Antisari2013 M5 M2,Nanomaterial,,,,,literature_mined,,,14.0,4.853871964321762,,
Lesniak2013 NM1 M1,Nanomaterial,73.0,,,,literature_mined,,,,,,
Lesniak2013 NM2 M1,Nanomaterial,120.0,,,,literature_mined,,,,,,
Lesniak2013 NM3 M1,Nanomaterial,76.0,,,,literature_mined,,,,,,
Lesniak2013 NM4 M1,Nanomaterial,158.0,,,,literature_mined,,,,,,
Lesniak2013 NM4 M2,Nanomaterial,,,,,literature_mined,,,-22.2,,,
Lesniak2013 NM1 M2,Nanomaterial,,,,,literature_mined,,,-36.0,,,
Lesniak2013 NM2 M2,Nanomaterial,,,,,literature_mined,,,-42.0,,,
Lesniak2013 NM3 M2,Nanomaterial,,,,,literature_mined,,,-27.0,,,
Lesniak2013 NM4 M2 C1,Nanomaterial,,,,,literature_mined,,,7.11,5.148130399270234,,
Lesniak2013 NM3 M2 C1,Nanomaterial,,,,,literature_mined,,,7.15,5.145693958198919,,
Lesniak2013 NM2 M2 C1,Nanomaterial,,,,,literature_mined,,,7.54,5.122628654130226,,
Lesniak2013 NM1 M2 C1,Nanomaterial,,,,,literature_mined,,,7.45,5.127843727251707,,
Lesniak2013 NM1 M3,Nanomaterial,81.0,,,,literature_mined,,,,,,
Lesniak2013 NM2 M3,Nanomaterial,166.0,,,,literature_mined,,,,,,
Lesniak2013 NM3 M3,Nanomaterial,137.0,,,,literature_mined,,,,,,
Lesniak2013 NM4 M3,Nanomaterial,206.0,,,,literature_mined,,,,,,
Lesniak2013 NM4 M5,Nanomaterial,160.0,,,,literature_mined,,,,,,
Lesniak2013 NM3 M5,Nanomaterial,65.0,,,,literature_mined,,,,,,
Lesniak2013 NM2 M5,Nanomaterial,106.0,,,,literature_mined,,,,,,
Lesniak2013 NM1 M5,Nanomaterial,63.0,,,,literature_mined,,,,,,
Lesniak2013 NM1 M4,Nanomaterial,,,,,literature_mined,,,-20.0,,,
Lesniak2013 NM2 M4,Nanomaterial,,,,,literature_mined,,,-19.0,,,
Lesniak2013 NM3 M4,Nanomaterial,,,,,literature_mined,,,-10.0,,,
Lesniak2013 NM4 M4,Nanomaterial,,,,,literature_mined,,,-11.0,,,
Lesniak2013 NM4 M6,Nanomaterial,,,,,literature_mined,,,-30.0,,,
Lesniak2013 NM3 M6,Nanomaterial,,,,,literature_mined,,,-20.0,,,
Lesniak2013 NM2 M6,Nanomaterial,,,,,literature_mined,,,-36.0,,,
Lesniak2013 NM1 M6,Nanomaterial,,,,,literature_mined,,,-21.0,,,
Lesniak2013 NM1 M4 C1,Nanomaterial,,,,,literature_mined,,,7.21,5.142064735280571,,
Lesniak2013 NM2 M4 C1,Nanomaterial,,,,,literature_mined,,,7.26,5.139063379299906,,
Lesniak2013 NM3 M4 C1,Nanomaterial,,,,,literature_mined,,,7.83,5.106238237942057,,
Lesniak2013 NM4 M4 C1,Nanomaterial,,,,,literature_mined,,,7.88,5.103473782510445,,
Lesniak2013 NM4 M6 C1,Nanomaterial,,,,,literature_mined,,,8.12,5.090443970758825,,
Lesniak2013 NM3 M6 C1,Nanomaterial,,,,,literature_mined,,,8.11,5.090979145788844,,
Lesniak2013 NM2 M6 C1,Nanomaterial,,,,,literature_mined,,,8.12,5.090443970758825,,
Lesniak2013 NM1 M6 C1,Nanomaterial,,,,,literature_mined,,,7.98,5.09799710864927,,
Zhou2008 C1,Nanomaterial,,,,,literature_mined,,,6.5,5.187086643357144,,
Zhou2008 M5 M1,Nanomaterial,,,,,literature_mined,,,-61.2,,,
Zhou2008 M6 M1,Nanomaterial,,,,,literature_mined,,,-51.4,,,
Zhou2008 M7 M1,Nanomaterial,,,,,literature_mined,,,-54.1,,,
Zhou2008 M8 M1,Nanomaterial,,,,,literature_mined,,,-54.6,,,
Zhou2008 M9 M1,Nanomaterial,,,,,literature_mined,,,-52.1,,,
Zhou2008 M10 M1,Nanomaterial,,,,,literature_mined,,,-56.5,,,
Zhou2008 M11 M1,Nanomaterial,,,,,literature_mined,,,-50.4,,,
Zhou2008 M12 M1,Nanomaterial,,,,,literature_mined,,,-53.7,,,
Zhou2008 M22 M1,Nanomaterial,,,,,literature_mined,,,-48.5,,,
Zhou2008 M30 M1,Nanomaterial,,,,,literature_mined,,,-48.8,,,
Zhou2008 M38 M1,Nanomaterial,,,,,literature_mined,,,-48.4,,,
Zhou2008 M46 M1,Nanomaterial,,,,,literature_mined,,,-59.4,,,
Zhou2008 M54 M1,Nanomaterial,,,,,literature_mined,,,-73.3,,,
Zhou2008 M62 M1,Nanomaterial,,,,,literature_mined,,,-72.6,,,
Zhou2008 M70 M1,Nanomaterial,,,,,literature_mined,,,-74.2,,,
Zhou2008 M78 M1,Nanomaterial,,,,,literature_mined,,,-67.2,,,
Zhou2008 M25 M1,Nanomaterial,,,,,literature_mined,,,-44.4,,,
Zhou2008 M33 M1,Nanomaterial,,,,,literature_mined,,,-45.4,,,
Zhou2008 M41 M1,Nanomaterial,,,,,literature_mined,,,-47.6,,,
Zhou2008 M49 M1,Nanomaterial,,,,,literature_mined,,,-66.1,,,
Zhou2008 M57 M1,Nanomaterial,,,,,literature_mined,,,-39.4,,,
Zhou2008 M65 M1,Nanomaterial,,,,,literature_mined,,,-59.3,,,
Zhou2008 M73 M1,Nanomaterial,,,,,literature_mined,,,-57.8,,,
Zhou2008 M81 M1,Nanomaterial,,,,,literature_mined,,,-40.7,,,
Field2011 Batch1 M2,Nanomaterial,,,,,literature_mined,,,52.0,4.2839966563652006,,
Field2011 Batch1 M3,Nanomaterial,,,,,literature_mined,,,95.0,4.022276394711152,,
Field2011 Batch1 M4,Nanomaterial,,,,,literature_mined,,,90.0,4.045757490560675,,
Field2011 Batch1 M5,Nanomaterial,,,,,literature_mined,,,69.0,4.161150909262744,,
Field2011 Batch1 M6,Nanomaterial,,,,,literature_mined,,,70.0,4.154901959985743,,
Field2011 Batch1 M7,Nanomaterial,,,,,literature_mined,,,57.0,4.2441251443275085,,
Field2011 Batch1 M8,Nanomaterial,,,,,literature_mined,,,45.0,4.346787486224656,,
Field2011 Batch1 M9,Nanomaterial,,,,,literature_mined,,,35.0,4.455931955649724,,
Field2011 Batch1 M10,Nanomaterial,,,,,literature_mined,,,0.0,,,
Field2011 Batch2 M2,Nanomaterial,,,,,literature_mined,,,44.0,4.356547323513813,,
Field2011 Batch3 M2,Nanomaterial,,,,,literature_mined,,,66.0,4.180456064458132,,
Field2011 Micron M2,Nanomaterial,,,,,literature_mined,,,64.0,4.1938200260161125,,
Field2011 Micron M1,Nanomaterial,221.0,,,,literature_mined,,,,,,
Field2011 Batch2 M3,Nanomaterial,,,,,literature_mined,,,98.0,4.008773924307505,,
Field2011 Batch2 M4,Nanomaterial,,,,,literature_mined,,,98.0,4.008773924307505,,
Field2011 Batch2 M5,Nanomaterial,,,,,literature_mined,,,98.0,4.008773924307505,,
Field2011 Batch2 M6,Nanomaterial,,,,,literature_mined,,,100.0,4.0,,
Field2011 Batch2 M7,Nanomaterial,,,,,literature_mined,,,92.0,4.036212172654444,,
Field2011 Batch2 M8,Nanomaterial,,,,,literature_mined,,,88.0,4.055517327849832,,
Field2011 Batch3 M3,Nanomaterial,,,,,literature_mined,,,98.0,4.008773924307505,,
Field2011 Batch3 M4,Nanomaterial,,,,,literature_mined,,,91.0,4.040958607678906,,
Field2011 Batch3 M5,Nanomaterial,,,,,literature_mined,,,95.0,4.022276394711152,,
Field2011 Batch3 M6,Nanomaterial,,,,,literature_mined,,,93.0,4.031517051446065,,
Field2011 Batch3 M7,Nanomaterial,,,,,literature_mined,,,93.0,4.031517051446065,,
Field2011 Batch3 M8,Nanomaterial,,,,,literature_mined,,,90.0,4.045757490560675,,
Field2011 Micron M3,Nanomaterial,,,,,literature_mined,,,101.0,3.9956786262173574,,
Field2011 Micron M4,Nanomaterial,,,,,literature_mined,,,95.0,4.022276394711152,,
Field2011 Micron M5,Nanomaterial,,,,,literature_mined,,,98.0,4.008773924307505,,
Field2011 Micron M6,Nanomaterial,,,,,literature_mined,,,92.0,4.036212172654444,,
Field2011 Micron M7,Nanomaterial,,,,,literature_mined,,,74.3,4.129011186239425,,
JRC2011 NM-100 M1,Nanomaterial,267.0,,,,literature_mined,,,,,,
JRC2011 NM-101 M1,Nanomaterial,38.0,,,,literature_mined,,,,,,
JRC2011 NM-102 M1,Nanomaterial,132.0,,,,literature_mined,,,,,,
JRC2011 NM-103 M1,Nanomaterial,186.0,,,,literature_mined,,,,,,
JRC2011 NM-104 M1,Nanomaterial,67.0,,,,literature_mined,,,,,,
JRC2011 NM-105 M1,Nanomaterial,95.0,,,,literature_mined,,,,,,
JRC2011 NM-110 M1,Nanomaterial,150.0,,,,literature_mined,,,,,,
JRC2011 NM-111 M1,Nanomaterial,140.0,,,,literature_mined,,,,,,
JRC2011 NM-200 M1,Nanomaterial,47.0,,,,literature_mined,,,,,,
JRC2011 NM-201 M1,Nanomaterial,62.0,,,,literature_mined,,,,,,
JRC2011 NM-202 M1,Nanomaterial,108.0,,,,literature_mined,,,,,,
JRC2011 NM-203 M1,Nanomaterial,137.0,,,,literature_mined,,,,,,
JRC2011 NM-204 M1,Nanomaterial,75.0,,,,literature_mined,,,,,,
JRC2011 NM-212 M1,Nanomaterial,28.0,,,,literature_mined,,,,,,
JRC2011 NM-300K M1,Nanomaterial,15.0,,,,literature_mined,,,,,,
JRC2011 NM-101 M2,Nanomaterial,6.0,,,,literature_mined,,,,,,
JRC2011 NM-102 M2,Nanomaterial,20.0,,,,literature_mined,,,,,,
JRC2011 NM-103 M2,Nanomaterial,20.0,,,,literature_mined,,,,,,
JRC2011 NM-104 M2,Nanomaterial,20.0,,,,literature_mined,,,,,,
JRC2011 NM-105 M2,Nanomaterial,22.0,,,,literature_mined,,,,,,
JRC2011 NM-110 M2,Nanomaterial,42.0,,,,literature_mined,,,,,,
JRC2011 NM-111 M2,Nanomaterial,34.0,,,,literature_mined,,,,,,
JRC2011 NM-200 M2,Nanomaterial,20.0,,,,literature_mined,,,,,,
JRC2011 NM-211 M2,Nanomaterial,10.0,,,,literature_mined,,,,,,
JRC2011 NM-212 M2,Nanomaterial,33.0,,,,literature_mined,,,,,,
JRC2011 NM-300K M2,Nanomaterial,15.0,,,,literature_mined,,,,,,
JRC2011 NM-100 M3,Nanomaterial,,,,,literature_mined,,,10.0,5.0,,
JRC2011 NM-101 M3,Nanomaterial,,,,,literature_mined,,,320.0,3.494850021680094,,
JRC2011 NM-102 M3,Nanomaterial,,,,,literature_mined,,,90.0,4.045757490560675,,
JRC2011 NM-103 M3,Nanomaterial,,,,,literature_mined,,,60.0,4.221848749616356,,
JRC2011 NM-104 M3,Nanomaterial,,,,,literature_mined,,,60.0,4.221848749616356,,
JRC2011 NM-105 M3,Nanomaterial,,,,,literature_mined,,,61.0,4.214670164989233,,
JRC2011 NM-110 M3,Nanomaterial,,,,,literature_mined,,,13.0,4.886056647693163,,
JRC2011 NM-111 M3,Nanomaterial,,,,,literature_mined,,,16.0,4.795880017344075,,
JRC2011 NM-200 M3,Nanomaterial,,,,,literature_mined,,,230.0,3.6382721639824074,,
JRC2011 NM-201 M3,Nanomaterial,,,,,literature_mined,,,160.0,3.7958800173440754,,
JRC2011 NM-202 M3,Nanomaterial,,,,,literature_mined,,,200.0,3.6989700043360187,,
JRC2011 NM-203 M3,Nanomaterial,,,,,literature_mined,,,226.0,3.6458915608525992,,
JRC2011 NM-204 M3,Nanomaterial,,,,,literature_mined,,,144.0,3.8416375079047502,,
JRC2011 NM-211 M3,Nanomaterial,,,,,literature_mined,,,66.0,4.180456064458132,,
JRC2011 NM-212 M3,Nanomaterial,,,,,literature_mined,,,28.0,4.552841968657781,,
JRC2011 NM-400 M1,Nanomaterial,,,,,literature_mined,,,280.0,3.552841968657781,,
JRC2011 NM-401 M1,Nanomaterial,,,,,literature_mined,,,300.0,3.5228787452803374,,
JRC2011 NM-402 M1,Nanomaterial,,,,,literature_mined,,,250.0,3.6020599913279625,,
JRC2011 NM-402 M2,Nanomaterial,,,,,literature_mined,,,1.5,5.823908740944319,,
JRC2011 NM-400 M2,Nanomaterial,,,,,literature_mined,,,1.5,5.823908740944319,,
JRC2011 NM-400 M3,Nanomaterial,9.5,,,,literature_mined,,,,,,
JRC2011 NM-402 M3,Nanomaterial,11.0,,,,literature_mined,,,,,,
Berg2009 NM1 M1,Nanomaterial,27.0,,,,literature_mined,,,,,,
Shi2012 NM1 M1,Nanomaterial,,,,,literature_mined,,,-14.6,,,
Shi2012 NM2 M1,Nanomaterial,,,,,literature_mined,,,27.6,4.559090917934783,,
Shi2012 NM3 M1,Nanomaterial,,,,,literature_mined,,,19.7,4.7055337738384075,,
Shi2012 NM4 M1,Nanomaterial,,,,,literature_mined,,,-34.9,,,
Shi2012 NM4 M2,Nanomaterial,12.0,,,,literature_mined,,,,,,
Shi2012 NM3 M2,Nanomaterial,15.5,,,,literature_mined,,,,,,
Shi2012 NM2 M2,Nanomaterial,23.4,,,,literature_mined,,,,,,
Shi2012 NM1 M2,Nanomaterial,29.2,,,,literature_mined,,,,,,
SimonDeckers2009 NM1 M1,Nanomaterial,,,,,literature_mined,,,120.0,3.9208187539523753,,
SimonDeckers2009 NM2 M1,Nanomaterial,,,,,literature_mined,,,44.0,4.356547323513813,,
SimonDeckers2009 NM3 M1,Nanomaterial,,,,,literature_mined,,,20.0,4.698970004336019,,
SimonDeckers2009 NM4 M1,Nanomaterial,,,,,literature_mined,,,12.0,4.920818753952375,,
SimonDeckers2009 NM5 M1,Nanomaterial,,,,,literature_mined,,,-33.0,,,
SimonDeckers2009 NM6 M1,Nanomaterial,,,,,literature_mined,,,0.0,,,
SimonDeckers2009 NM7 M1,Nanomaterial,,,,,literature_mined,,,-50.0,,,
SimonDeckers2009 NM8 M1,Nanomaterial,,,,,literature_mined,,,1.0,6.0,,
Nagy2012 QD1 ZP,Silver,,,,,literature_mined,,,-71.8,,,
Nagy2012 QD2 ZP,Silver,,,,,literature_mined,,,-56.0,,,
Nagy2012 QD3 ZP,Silver,,,,,literature_mined,,,86.8,4.061480274823508,,
Nagy2012 QD4 ZP,Silver,,,,,literature_mined,,,57.4,4.241088107602026,,
Nagy2012 QD5 ZP,Silver,,,,,literature_mined,,,-53.5,,,
Nagy2012 QD6 ZP,Silver,,,,,literature_mined,,,-29.4,,,
Nagy2012 QD7 ZP,Silver,,,,,literature_mined,,,-73.7,,,
Nagy2012 QD8 ZP,Silver,,,,,literature_mined,,,-43.4,,,
Nagy2012 QD9 ZP,Silver,,,,,literature_mined,,,-21.0,,,
Nagy2012 QD10 ZP,Silver,,,,,literature_mined,,,-39.0,,,
Nagy2012 QD11 ZP,Silver,,,,,literature_mined,,,60.6,4.217527375833714,,
Nagy2012 QD12 ZP,Silver,,,,,literature_mined,,,46.7,4.330683119433888,,
SimonDeckers2009 NM1 IEP,Nanomaterial,,,,,literature_mined,,,8.4,5.075720713938118,,
SimonDeckers2009 NM2 IEP,Nanomaterial,,,,,literature_mined,,,7.0,5.154901959985743,,
SimonDeckers2009 NM3 IEP,Nanomaterial,,,,,literature_mined,,,6.4,5.1938200260161125,,
SimonDeckers2009 NM4 IEP,Nanomaterial,,,,,literature_mined,,,5.6,5.251811972993799,,
SimonDeckers2009 NM5 IEP,Nanomaterial,,,,,literature_mined,,,5.2,5.2839966563652006,,
SimonDeckers2009 NM8 IEP,Nanomaterial,,,,,literature_mined,,,5.4,5.267606240177032,,
Bhabra2009 M1 PS,Nanomaterial,29.5,,,,literature_mined,,,,,,
Bhabra2009 M2 PS,Nanomaterial,2900.0,,,,literature_mined,,,,,,
Kim2012 NM1 PS,Nanomaterial,76.0,,,,literature_mined,,,,,,
Nagy2012 QD1 PS,Silver,3.37,,,,literature_mined,,,,,,
Nagy2012 QD2 PS,Silver,3.37,,,,literature_mined,,,,,,
Nagy2012 QD3 PS,Silver,3.37,,,,literature_mined,,,,,,
Nagy2012 QD4 PS,Silver,3.37,,,,literature_mined,,,,,,
Nagy2012 QD5 PS,Silver,4.98,,,,literature_mined,,,,,,
Nagy2012 QD6 PS,Silver,4.98,,,,literature_mined,,,,,,
Nagy2012 QD7 PS,Silver,4.98,,,,literature_mined,,,,,,
Nagy2012 QD8 PS,Silver,4.98,,,,literature_mined,,,,,,
Nagy2012 QD9 PS,Silver,9.48,,,,literature_mined,,,,,,
Nagy2012 QD10 PS,Silver,9.48,,,,literature_mined,,,,,,
Nagy2012 QD11 PS,Silver,9.48,,,,literature_mined,,,,,,
Nagy2012 QD12 PS,Silver,9.48,,,,literature_mined,,,,,,
Cho2012 NM1 PS,Metal Oxide,91.9,,,,literature_mined,,,,,,
Cho2012 NM2 PS,Metal Oxide,6.3,,,,literature_mined,,,,,,
Cho2012 NM3 PS,Metal Oxide,9.7,,,,literature_mined,,,,,,
Cho2012 NM4 PS,Metal Oxide,4.4,,,,literature_mined,,,,,,
Cho2012 NM5 PS,Metal Oxide,18.4,,,,literature_mined,,,,,,
Cho2012 NM6 PS,Metal Oxide,205.0,,,,literature_mined,,,,,,
Cho2012 NM7 PS,Metal Oxide,23.1,,,,literature_mined,,,,,,
Cho2012 NM8 PS,Metal Oxide,14.2,,,,literature_mined,,,,,,
Cho2012 NM9 PS,Metal Oxide,15.0,,,,literature_mined,,,,,,
Cho2012 NM10 PS,Metal Oxide,5.3,,,,literature_mined,,,,,,
Cho2012 NM11 PS,Metal Oxide,6.2,,,,literature_mined,,,,,,
Cho2012 NM12 PS,Metal Oxide,5.6,,,,literature_mined,,,,,,
Cho2012 NM13 PS,Metal Oxide,30.5,,,,literature_mined,,,,,,
Cho2012 NM14 PS,Metal Oxide,10.7,,,,literature_mined,,,,,,
Cho2012 NM15 PS,Metal Oxide,137.0,,,,literature_mined,,,,,,
Docter2014 M2 CT1,Nanomaterial,,,,,literature_mined,,,90.0,4.045757490560675,,
Docter2014 M2 CT2,Nanomaterial,,,,,literature_mined,,,45.0,4.346787486224656,,
Docter2014 M2 CT3,Nanomaterial,,,,,literature_mined,,,30.0,4.522878745280337,,
Docter2014 M1 CT1,Nanomaterial,,,,,literature_mined,,,98.0,4.008773924307505,,
Docter2014 M1 CT2,Nanomaterial,,,,,literature_mined,,,98.0,4.008773924307505,,
Docter2014 M1 CT3,Nanomaterial,,,,,literature_mined,,,95.0,4.022276394711152,,
Docter2014 T4,Nanomaterial,,,,,literature_mined,,,4.0,5.3979400086720375,,
Docter2014 M1 CT4,Nanomaterial,,,,,literature_mined,,,95.0,4.022276394711152,,
Docter2014 M1 CT5,Nanomaterial,,,,,literature_mined,,,95.0,4.022276394711152,,
Docter2014 M1 CT6,Nanomaterial,,,,,literature_mined,,,96.0,4.017728766960432,,
Docter2014 T24,Nanomaterial,,,,,literature_mined,,,24.0,4.619788758288394,,
Docter2014 M2 CT4,Nanomaterial,,,,,literature_mined,,,95.0,4.022276394711152,,
Docter2014 M2 CT5,Nanomaterial,,,,,literature_mined,,,30.0,4.522878745280337,,
Docter2014 M2 CT6,Nanomaterial,,,,,literature_mined,,,15.0,4.823908740944319,,
Docter2014 M6 CT1,Nanomaterial,,,,,literature_mined,,,98.0,4.008773924307505,,
Docter2014 M6 CT2,Nanomaterial,,,,,literature_mined,,,97.0,4.013228265733755,,
Docter2014 M6 CT3,Nanomaterial,,,,,literature_mined,,,96.0,4.017728766960432,,
Docter2014 M6 CT4,Nanomaterial,,,,,literature_mined,,,95.0,4.022276394711152,,
Docter2014 M6 CT5,Nanomaterial,,,,,literature_mined,,,97.0,4.013228265733755,,
Docter2014 M6 CT6,Nanomaterial,,,,,literature_mined,,,98.0,4.008773924307505,,
Docter2014 M2 CT7,Nanomaterial,,,,,literature_mined,,,90.0,4.045757490560675,,
Docter2014 M2 CT8,Nanomaterial,,,,,literature_mined,,,40.0,4.3979400086720375,,
Docter2014 M2 CT9,Nanomaterial,,,,,literature_mined,,,10.0,5.0,,
Docter2014 M2 CT10,Nanomaterial,,,,,literature_mined,,,100.0,4.0,,
Docter2014 M2 CT11,Nanomaterial,,,,,literature_mined,,,20.0,4.698970004336019,,
Docter2014 M2 CT12,Nanomaterial,,,,,literature_mined,,,5.0,5.301029995663981,,
Docter2014 M2 CT13,Nanomaterial,,,,,literature_mined,,,102.0,3.9913998282380825,,
Docter2014 M2 CT14,Nanomaterial,,,,,literature_mined,,,15.0,4.823908740944319,,
Docter2014 M2 CT15,Nanomaterial,,,,,literature_mined,,,3.0,5.522878745280337,,
Docter2014 T8,Nanomaterial,,,,,literature_mined,,,8.0,5.096910013008056,,
Docter2014 M2 withPC CT1,Nanomaterial,,,,,literature_mined,,,98.0,4.008773924307505,,
Docter2014 M2 withPC CT2,Nanomaterial,,,,,literature_mined,,,102.0,3.9913998282380825,,
Docter2014 M2 withPC CT3,Nanomaterial,,,,,literature_mined,,,102.0,3.9913998282380825,,
Docter2014 M2 withPC CT4,Nanomaterial,,,,,literature_mined,,,90.0,4.045757490560675,,
Docter2014 M2 withPC CT5,Nanomaterial,,,,,literature_mined,,,100.0,4.0,,
Docter2014 M2 withPC CT6,Nanomaterial,,,,,literature_mined,,,100.0,4.0,,
Docter2014 M2 withPC CT7,Nanomaterial,,,,,literature_mined,,,90.0,4.045757490560675,,
Docter2014 M2 withPC CT8,Nanomaterial,,,,,literature_mined,,,95.0,4.022276394711152,,
Docter2014 M2 withPC CT9,Nanomaterial,,,,,literature_mined,,,95.0,4.022276394711152,,
Deshpande2005 M1 PS,Nanomaterial,3.0,,,,literature_mined,,,,,,
Deshpande2005 M2 PS,Nanomaterial,6.0,,,,literature_mined,,,,,,
Deshpande2005 M3 PS,Nanomaterial,30.0,,,,literature_mined,,,,,,
Gerloff2009 NM4 PS,Nanomaterial,14.0,,,,literature_mined,,,,,,
Gerloff2009 NM5 PS,Nanomaterial,14.0,,,,literature_mined,,,,,,
Gerloff2009 NM6 PS,Nanomaterial,8.0,,,,literature_mined,,,,,,
Gerloff2009 NM7 PS,Nanomaterial,10.0,,,,literature_mined,,,,,,
Gerloff2009 NM8 PS,Nanomaterial,20.0,,,,literature_mined,,,,,,
Jeng2006 M4 PS,Nanomaterial,25.0,,,,literature_mined,,,,,,
Kim2012 NM2 PS,Nanomaterial,50.0,,,,literature_mined,,,,,,
Jugan5 A12 PS,Nanomaterial,12.0,,,,literature_mined,,,,,,
Jugan5 A140 PS,Nanomaterial,142.0,,,,literature_mined,,,,,,
Jugan5 A25 PS,Nanomaterial,24.0,,,,literature_mined,,,,,,
Jugan5 R20 PS,Nanomaterial,21.0,,,,literature_mined,,,,,,
Jugan5 R68 PS,Nanomaterial,68.0,,,,literature_mined,,,,,,
Harper2011 1 PS,Nanomaterial,0.8,,,,literature_mined,,,,,,
Harper2011 2 PS,Nanomaterial,1.5,,,,literature_mined,,,,,,
Harper2011 3 PS,Nanomaterial,0.8,,,,literature_mined,,,,,,
Harper2011 4 PS,Nanomaterial,0.8,,,,literature_mined,,,,,,
Harper2011 8 PS,Nanomaterial,0.8,,,,literature_mined,,,,,,
Harper2011 5 PS,Nanomaterial,1.5,,,,literature_mined,,,,,,
Harper2011 6 PS,Nanomaterial,1.5,,,,literature_mined,,,,,,
Harper2011 9 PS,Nanomaterial,1.5,,,,literature_mined,,,,,,
Harper2011 7 PS,Nanomaterial,10.0,,,,literature_mined,,,,,,
SimonDeckers2009 NM1 PS,Nanomaterial,11.0,,,,literature_mined,,,,,,
SimonDeckers2009 NM2 PS,Nanomaterial,33.0,,,,literature_mined,,,,,,
SimonDeckers2009 NM3 PS,Nanomaterial,12.0,,,,literature_mined,,,,,,
SimonDeckers2009 NM4 PS,Nanomaterial,17.0,,,,literature_mined,,,,,,
SimonDeckers2009 NM5 PS,Nanomaterial,142.0,,,,literature_mined,,,,,,
SimonDeckers2009 NM6 PS,Nanomaterial,21.0,,,,literature_mined,,,,,,
SimonDeckers2009 NM7 PS,Nanomaterial,68.0,,,,literature_mined,,,,,,
SimonDeckers2009 NM8 PS,Nanomaterial,707.0,,,,literature_mined,,,,,,
Liu2011 01 PS,Nanomaterial,12.0,,,,literature_mined,,,,,,
Liu2011 02 PS,Nanomaterial,10.0,,,,literature_mined,,,,,,
Liu2011 03 PS,Nanomaterial,10.0,,,,literature_mined,,,,,,
Liu2011 04 PS,Nanomaterial,18.0,,,,literature_mined,,,,,,
Liu2011 05 PS,Nanomaterial,10.0,,,,literature_mined,,,,,,
Liu2011 06 PS,Nanomaterial,10.0,,,,literature_mined,,,,,,
Liu2011 07 PS,Nanomaterial,19.0,,,,literature_mined,,,,,,
Liu2011 08 PS,Nanomaterial,8.0,,,,literature_mined,,,,,,
Liu2011 09 PS,Nanomaterial,10.0,,,,literature_mined,,,,,,
Horie2009 NM1 PS,Nanomaterial,7.0,,,,literature_mined,,,,,,
Horie2009 NM2 PS,Nanomaterial,20.0,,,,literature_mined,,,,,,
Horie2009 NM3 PS,Nanomaterial,200.0,,,,literature_mined,,,,,,
Horie2009 NM4 PS,Nanomaterial,70.0,,,,literature_mined,,,,,,
Horie2009 NM5 PS,Nanomaterial,180.0,,,,literature_mined,,,,,,
Horie2009 NM7 PS,Nanomaterial,14.0,,,,literature_mined,,,,,,
Horie2009 NM8 PS,Nanomaterial,25.0,,,,literature_mined,,,,,,
Horie2009 NM9 PS,Nanomaterial,21.0,,,,literature_mined,,,,,,
Wang2009 NM1 PS,Nanomaterial,20.0,,,,literature_mined,,,,,,
Wang2009 NM2 PS,Nanomaterial,532.0,,,,literature_mined,,,,,,
Wang2009 NM3 PS,Nanomaterial,60.0,,,,literature_mined,,,,,,
Wang2009 NM4 PS,Nanomaterial,429.0,,,,literature_mined,,,,,,
Wang2009 NM5 PS,Nanomaterial,50.0,,,,literature_mined,,,,,,
Wang2009 NM6 PS,Nanomaterial,285.0,,,,literature_mined,,,,,,
Limbach2005 NM4 M1 A1,Nanomaterial,,,,,literature_mined,,,45.0,4.346787486224656,,
Limbach2005 C1,Nanomaterial,,,,,literature_mined,,,100.0,4.0,,
Limbach2005 C2,Nanomaterial,,,,,literature_mined,,,1.0,6.0,,
Limbach2005 T6,Nanomaterial,,,,,literature_mined,,,3.0,5.522878745280337,,
Limbach2005 NM4 C2,Nanomaterial,,,,,literature_mined,,,1.0,6.0,,
Limbach2005 NM4 C1,Nanomaterial,,,,,literature_mined,,,100.0,4.0,,
Limbach2005 T3,Nanomaterial,,,,,literature_mined,,,1.0,6.0,,
Limbach2005 NM4 M2 A1,Nanomaterial,,,,,literature_mined,,,27.0,4.568636235841013,,
Limbach2005 T1,Nanomaterial,,,,,literature_mined,,,10.0,5.0,,
Limbach2005 NM4 M3 A1,Nanomaterial,,,,,literature_mined,,,5.0,5.301029995663981,,
Limbach2005 NM4 M A2,Nanomaterial,,,,,literature_mined,,,27.0,4.568636235841013,,
Limbach2005 NM4 M A1,Nanomaterial,,,,,literature_mined,,,45.0,4.346787486224656,,
Limbach2005 NM3 M1 A1,Nanomaterial,,,,,literature_mined,,,22.0,4.657577319177793,,
Limbach2005 NM3 M2 A1,Nanomaterial,,,,,literature_mined,,,18.0,4.7447274948966935,,
Limbach2005 NM3 M3 A1,Nanomaterial,,,,,literature_mined,,,2.0,5.698970004336019,,
Limbach2005 NM2 M1 A1,Nanomaterial,,,,,literature_mined,,,18.0,4.7447274948966935,,
Limbach2005 NM2 M2 A1,Nanomaterial,,,,,literature_mined,,,13.0,4.886056647693163,,
Limbach2005 NM2 M3 A1,Nanomaterial,,,,,literature_mined,,,3.0,5.522878745280337,,
Limbach2005 NM1 M1 A1,Nanomaterial,,,,,literature_mined,,,8.0,5.096910013008056,,
Limbach2005 NM1 M2 A1,Nanomaterial,,,,,literature_mined,,,5.0,5.301029995663981,,
Limbach2005 NM1 M3 A1,Nanomaterial,,,,,literature_mined,,,1.0,6.0,,
Gerloff2009 NM1 BET,Nanomaterial,,,,,literature_mined,,,10.0,5.0,,
Gerloff2009 NM2 BET,Nanomaterial,,,,,literature_mined,,,50.0,4.301029995663981,,
Gerloff2009 NM4 BET,Nanomaterial,,,,,literature_mined,,,200.0,3.6989700043360187,,
Gerloff2009 NM5 BET,Nanomaterial,,,,,literature_mined,,,300.0,3.5228787452803374,,
Gerloff2009 NM6 BET,Nanomaterial,,,,,literature_mined,,,600.0,3.2218487496163566,,
Gerloff2009 NM7 BET,Nanomaterial,,,,,literature_mined,,,70.0,4.154901959985743,,
Gerloff2009 NM8 BET,Nanomaterial,,,,,literature_mined,,,50.0,4.301029995663981,,
Gerloff2009 A1 M1,Nanomaterial,,,,,literature_mined,,,2.0,5.698970004336019,,
Gerloff2009 A1 M2,Nanomaterial,,,,,literature_mined,,,3.0,5.522878745280337,,
Gerloff2009 A1 M3,Nanomaterial,,,,,literature_mined,,,15.0,4.823908740944319,,
Gerloff2009 A1 M4,Nanomaterial,,,,,literature_mined,,,42.0,4.376750709602099,,
Gerloff2009 A1 M5,Nanomaterial,,,,,literature_mined,,,1.0,6.0,,
Gerloff2009 A1 M6,Nanomaterial,,,,,literature_mined,,,2.0,5.698970004336019,,
Gerloff2009 A1 M7,Nanomaterial,,,,,literature_mined,,,35.0,4.455931955649724,,
Gerloff2009 A1 M8,Nanomaterial,,,,,literature_mined,,,70.0,4.154901959985743,,
Gerloff2009 A1 M9,Nanomaterial,,,,,literature_mined,,,3.0,5.522878745280337,,
Gerloff2009 A1 M10,Nanomaterial,,,,,literature_mined,,,0.0,,,
Gerloff2009 A2 M1,Nanomaterial,,,,,literature_mined,,,90.0,4.045757490560675,,
Gerloff2009 A2 M2,Nanomaterial,,,,,literature_mined,,,55.0,4.259637310505756,,
Gerloff2009 A2 M3,Nanomaterial,,,,,literature_mined,,,90.0,4.045757490560675,,
Gerloff2009 A2 M4,Nanomaterial,,,,,literature_mined,,,60.0,4.221848749616356,,
Gerloff2009 A2 M5,Nanomaterial,,,,,literature_mined,,,120.0,3.9208187539523753,,
Gerloff2009 A2 M6,Nanomaterial,,,,,literature_mined,,,135.0,3.869666231504994,,
Gerloff2009 A2 M7,Nanomaterial,,,,,literature_mined,,,40.0,4.3979400086720375,,
Gerloff2009 A2 M8,Nanomaterial,,,,,literature_mined,,,20.0,4.698970004336019,,
Gerloff2009 A2 M9,Nanomaterial,,,,,literature_mined,,,80.0,4.096910013008056,,
Gerloff2009 A2 M10,Nanomaterial,,,,,literature_mined,,,20.0,4.698970004336019,,
Gerloff2009 A3 M1,Nanomaterial,,,,,literature_mined,,,16.0,4.795880017344075,,
Gerloff2009 A3 C1,Nanomaterial,,,,,literature_mined,,,0.0,,,
Gerloff2009 A3 C2,Nanomaterial,,,,,literature_mined,,,100.0,4.0,,
Gerloff2009 A3 M2,Nanomaterial,,,,,literature_mined,,,23.0,4.638272163982407,,
Gerloff2009 A3 M3,Nanomaterial,,,,,literature_mined,,,3.0,5.522878745280337,,
Gerloff2009 A3 M4,Nanomaterial,,,,,literature_mined,,,5.0,5.301029995663981,,
Gerloff2009 A3 M5,Nanomaterial,,,,,literature_mined,,,6.0,5.221848749616356,,
Gerloff2009 A3 M6,Nanomaterial,,,,,literature_mined,,,8.0,5.096910013008056,,
Gerloff2009 A3 M7,Nanomaterial,,,,,literature_mined,,,2.0,5.698970004336019,,
Gerloff2009 A3 M8,Nanomaterial,,,,,literature_mined,,,4.0,5.3979400086720375,,
Gerloff2009 A3 M9,Nanomaterial,,,,,literature_mined,,,5.0,5.301029995663981,,
Gerloff2009 A3 M10,Nanomaterial,,,,,literature_mined,,,7.0,5.154901959985743,,
Gerloff2009 A3 M11,Nanomaterial,,,,,literature_mined,,,3.0,5.522878745280337,,
Gerloff2009 A3 M12,Nanomaterial,,,,,literature_mined,,,4.0,5.3979400086720375,,
Aldrich 748161 M1,Nanomaterial,200.0,,,,literature_mined,,,,,,
Aldrich 748161 M2,Nanomaterial,,,,,literature_mined,,,2230.0,2.6516951369518393,,
Aldrich 420816 M1,Nanomaterial,,,,,literature_mined,,,220.0,3.657577319177794,,
Aldrich 421553 M1,Nanomaterial,,,,,literature_mined,,,2230.0,2.6516951369518393,,
Aldrich 718483 M1,Nanomaterial,,,,,literature_mined,,,2230.0,2.6516951369518393,,
Aldrich 637246 M3,Nanomaterial,,,,,literature_mined,,,2230.0,2.6516951369518393,,
Aldrich 637238 M3,Nanomaterial,,,,,literature_mined,,,2230.0,2.6516951369518393,,
JRCNM01000a M2,Nanomaterial,,,,,literature_mined,,,9.0,5.045757490560675,,
JRCNM01000a M3,Nanomaterial,100.0,,,,literature_mined,,,,,,
JRCNM01000a M4,Nanomaterial,50.0,,,,literature_mined,,,,,,
JRCNM01001a M3,Nanomaterial,100.0,,,,literature_mined,,,,,,
JRCNM01001a M4,Nanomaterial,50.0,,,,literature_mined,,,,,,
JRCNM01001a M5,Nanomaterial,10.0,,,,literature_mined,,,,,,
JRCNM62001a M1,Nanomaterial,21.0,,,,literature_mined,,,,,,
JRCNM62002a M1,Nanomaterial,21.0,,,,literature_mined,,,,,,
JRCNM10201a M1,Nanomaterial,21.0,,,,literature_mined,,,,,,
JRCNM01100a M1,Nanomaterial,158.0,,,,literature_mined,,,,,,
JRCNM01101a M1,Nanomaterial,152.0,,,,literature_mined,,,,,,
JRCNM10404 M1,Nanomaterial,58.0,,,,literature_mined,,,,,,
JRCNM03300a M1,Nanomaterial,14.0,,,,literature_mined,,,,,,
Yashima2006 M1 Size,Nanomaterial,11.0,,,,literature_mined,,,,,,
E-GEOD-20677-M1-M1,Nanomaterial,13.0,,,,literature_mined,,,,,,
E-GEOD-53700-M1-M1,Nanomaterial,18.0,,,,literature_mined,,,,,,
E-GEOD-53700-M1-M2,Nanomaterial,20.0,,,,literature_mined,,,,,,
E-GEOD-53700-M2-M1,Nanomaterial,9.0,,,,literature_mined,,,,,,
E-GEOD-53700-M2-M2,Nanomaterial,14.0,,,,literature_mined,,,,,,
Nymark2015-M1-M1,Nanomaterial,74.0,,,,literature_mined,,,,,,
Nymark2015-M1-M2,Nanomaterial,,,,,literature_mined,,,5.7,5.2441251443275085,,
Nymark2015-M2-M2,Nanomaterial,,,,,literature_mined,,,4.6,5.337242168318426,,
Nymark2015-M2-M1,Nanomaterial,180.0,,,,literature_mined,,,,,,
Nymark2015-M3-M1,Nanomaterial,,,,,literature_mined,,,1.1,5.958607314841775,,
Nymark2015-M3-M2,Nanomaterial,,,,,literature_mined,,,21.0,4.6777807052660805,,
Aldrich 379646 M3,Nanomaterial,,,,,literature_mined,,,4.5,5.346787486224656,,
Chithrani Au1 M1,Gold,14.0,,,,literature_mined,,,,,,
Chithrani Au1 M2,Gold,,,,,literature_mined,,,3000.0,2.5228787452803374,,
Chithrani Au2 M1,Gold,30.0,,,,literature_mined,,,,,,
Chithrani Au3 M1,Gold,50.0,,,,literature_mined,,,,,,
Chithrani Au4 M1,Gold,74.0,,,,literature_mined,,,,,,
Chithrani Au5 M1,Gold,100.0,,,,literature_mined,,,,,,
Chithrani Au6 M1,Gold,14.0,,,,literature_mined,,,,,,
Chithrani Au7 M1,Gold,14.0,,,,literature_mined,,,,,,
Chithrani Au6 M3,Gold,40.0,,,,literature_mined,,,,,,
Chithrani Au7 M3,Gold,74.0,,,,literature_mined,,,,,,
Chithrani Au2 M2,Gold,,,,,literature_mined,,,4500.0,2.3467874862246565,,
Chithrani Au3 M2,Gold,,,,,literature_mined,,,6000.0,2.221848749616356,,
Chithrani Au4 M2,Gold,,,,,literature_mined,,,4000.0,2.3979400086720375,,
Chithrani Au5 M2,Gold,,,,,literature_mined,,,1800.0,2.744727494896694,,
Chithrani2006 T1,Nanomaterial,,,,,literature_mined,,,1.0,6.0,,
Chithrani Au1 M3,Gold,,,,,literature_mined,,,1100.0,2.958607314841775,,
Chithrani Au3 M3,Gold,,,,,literature_mined,,,1500.0,2.8239087409443187,,
Chithrani Au4 M3,Gold,,,,,literature_mined,,,800.0,3.0969100130080562,,
Chithrani2006 T2,Nanomaterial,,,,,literature_mined,,,2.5,5.6020599913279625,,
Chithrani Au1 M4,Gold,,,,,literature_mined,,,2600.0,2.5850266520291822,,
Chithrani Au3 M4,Gold,,,,,literature_mined,,,3500.0,2.4559319556497243,,
Chithrani Au4 M4,Gold,,,,,literature_mined,,,1800.0,2.744727494896694,,
Chithrani2006 T3,Nanomaterial,,,,,literature_mined,,,4.0,5.3979400086720375,,
Chithrani Au1 M5,Gold,,,,,literature_mined,,,3400.0,2.468521082957745,,
Chithrani Au3 M5,Gold,,,,,literature_mined,,,4800.0,2.318758762624413,,
Chithrani Au4 M5,Gold,,,,,literature_mined,,,2400.0,2.619788758288394,,
Chithrani2006 T4,Nanomaterial,,,,,literature_mined,,,5.5,5.259637310505756,,
Chithrani Au1 M6,Gold,,,,,literature_mined,,,3800.0,2.42021640338319,,
Chithrani Au3 M6,Gold,,,,,literature_mined,,,5700.0,2.2441251443275085,,
Chithrani Au4 M6,Gold,,,,,literature_mined,,,2900.0,2.537602002101044,,
Chang2010 mGO M1,Nanomaterial,0.9,,,,literature_mined,,,,,,
Chang2010 sGO M1,Nanomaterial,0.9,,,,literature_mined,,,,,,
Chang2010 lGO M1,Nanomaterial,0.9,,,,literature_mined,,,,,,
Chang2010 lGO M2,Nanomaterial,780.0,,,,literature_mined,,,,,,
Chang2010 mGO M2,Nanomaterial,430.0,,,,literature_mined,,,,,,
Chang2010 sGO M2,Nanomaterial,160.0,,,,literature_mined,,,,,,
E-GEOD-39330-M1-M1,Nanomaterial,14.7,,,,literature_mined,,,,,,
E-GEOD-39330-M1-M2,Nanomaterial,159.0,,,,literature_mined,,,,,,
E-GEOD-39330-M1-M3,Nanomaterial,,,,,literature_mined,,,-17.3,,,
E-GEOD-39316-M1-M2,Nanomaterial,297.0,,,,literature_mined,,,,,,
E-GEOD-39316-M1-M1,Nanomaterial,31.3,,,,literature_mined,,,,,,
E-GEOD-39316-M1-M3,Nanomaterial,,,,,literature_mined,,,-12.2,,,
E-GEOD-17676-M1-M1,Nanomaterial,100.0,,,,literature_mined,,,,,,
E-GEOD-17676-M2-M1,Nanomaterial,30.0,,,,literature_mined,,,,,,
Nymark2015-M1-M3,Nanomaterial,,,,,literature_mined,,,22.0,4.657577319177793,,
Nymark2015-M2-M3,Nanomaterial,,,,,literature_mined,,,8.3,5.080921907623926,,
Nymark2015-M3-M3,Nanomaterial,,,,,literature_mined,,,1.07,5.97061622231479,,
Nymark2015-M3-M4,Nanomaterial,,,,,literature_mined,,,90.0,4.045757490560675,,
Nymark2015-C1,Nanomaterial,,,,,literature_mined,,,4.0,5.3979400086720375,,
Nymark2015-C2,Nanomaterial,,,,,literature_mined,,,24.0,4.619788758288394,,
Nymark2015-C3,Nanomaterial,,,,,literature_mined,,,48.0,4.318758762624412,,
Nymark2015-M2-M4,Nanomaterial,,,,,literature_mined,,,45.0,4.346787486224656,,
Nymark2015-M1-M4,Nanomaterial,,,,,literature_mined,,,128.0,3.8927900303521317,,
Nymark2015-M1-M5,Nanomaterial,,,,,literature_mined,,,33.0,4.481486060122113,,
Nymark2015-M1-M6,Nanomaterial,,,,,literature_mined,,,27.0,4.568636235841013,,
Nymark2015-M2-M5,Nanomaterial,,,,,literature_mined,,,16.0,4.795880017344075,,
Nymark2015-M2-M6,Nanomaterial,,,,,literature_mined,,,9.0,5.045757490560675,,
Nymark2015-M3-M5,Nanomaterial,,,,,literature_mined,,,48.0,4.318758762624412,,
Nymark2015-M3-M6,Nanomaterial,,,,,literature_mined,,,66.0,4.180456064458132,,
Prabhu2010 M3 PS,Nanomaterial,70.6,,,,literature_mined,,,,,,
Prabhu2010 M2 PS,Nanomaterial,69.0,,,,literature_mined,,,,,,
Prabhu2010 M1 PS,Nanomaterial,55.2,,,,literature_mined,,,,,,
Prabhu2010 M1 ZAD,Nanomaterial,335.0,,,,literature_mined,,,,,,
Prabhu2010 M2 ZAD,Nanomaterial,360.0,,,,literature_mined,,,,,,
Prabhu2010 M3 ZAD,Nanomaterial,365.0,,,,literature_mined,,,,,,
Prabhu2010 A2 M1,Nanomaterial,,,,,literature_mined,,,140.0,3.853871964321762,,
Prabhu2010 A2 M2,Nanomaterial,,,,,literature_mined,,,130.0,3.886056647693163,,
Prabhu2010 A2 M3,Nanomaterial,,,,,literature_mined,,,125.0,3.9030899869919438,,
Prabhu2010 A1 M3,Nanomaterial,,,,,literature_mined,,,120.0,3.9208187539523753,,
Prabhu2010 A1 C1,Nanomaterial,,,,,literature_mined,,,10.0,5.0,,
Prabhu2010 A1 C2,Nanomaterial,,,,,literature_mined,,,20.0,4.698970004336019,,
Prabhu2010 A1 C3,Nanomaterial,,,,,literature_mined,,,40.0,4.3979400086720375,,
Prabhu2010 A1 C4,Nanomaterial,,,,,literature_mined,,,60.0,4.221848749616356,,
Prabhu2010 A1 C5,Nanomaterial,,,,,literature_mined,,,80.0,4.096910013008056,,
Prabhu2010 A1 C6,Nanomaterial,,,,,literature_mined,,,100.0,4.0,,
Prabhu2010 A1 M1,Nanomaterial,,,,,literature_mined,,,105.0,3.978810700930062,,
Prabhu2010 A1 M2,Nanomaterial,,,,,literature_mined,,,110.0,3.958607314841775,,
Prabhu2010 A1 M4,Nanomaterial,,,,,literature_mined,,,118.0,3.9281179926938745,,
Prabhu2010 A1 M5,Nanomaterial,,,,,literature_mined,,,120.0,3.9208187539523753,,
Prabhu2010 A1 M6,Nanomaterial,,,,,literature_mined,,,130.0,3.886056647693163,,
Midander2009 M3 PS,Nanomaterial,,,,,literature_mined,,,2.9,5.537602002101044,,
Midander2009 M4 PS,Nanomaterial,28.0,,,,literature_mined,,,,,,
Geng2014-M1-Size,Nanomaterial,1.51,,,,literature_mined,,,,,,
Geng2014-M1-Length,Nanomaterial,13.34,,,,literature_mined,,,,,,
Geng2014-M1-Length2,Nanomaterial,14.34,,,,literature_mined,,,,,,
Geng2014-M1-Length3,Nanomaterial,13.39,,,,literature_mined,,,,,,
Tilton2014 M1 M1,Nanomaterial,858.0,,,,literature_mined,,,,,,
Tilton2014 M1 M2,Nanomaterial,375.0,,,,literature_mined,,,,,,
Tilton2014 M1 M3,Nanomaterial,342.0,,,,literature_mined,,,,,,
Tilton2014 M1 M4,Nanomaterial,458.0,,,,literature_mined,,,,,,
Tilton2014 M1 M5,Nanomaterial,,,,,literature_mined,,,-11.8,,,
Tilton2014 M1 M6,Nanomaterial,,,,,literature_mined,,,-9.78,,,
Tilton2014 M1 M7,Nanomaterial,,,,,literature_mined,,,-13.3,,,
Tilton2014 M1 M8,Nanomaterial,,,,,literature_mined,,,-10.64,,,
Tilton2014 M2 M1,Nanomaterial,2897.0,,,,literature_mined,,,,,,
Tilton2014 M2 M2,Nanomaterial,1590.0,,,,literature_mined,,,,,,
Tilton2014 M2 M3,Nanomaterial,445.0,,,,literature_mined,,,,,,
Tilton2014 M2 M4,Nanomaterial,634.0,,,,literature_mined,,,,,,
Tilton2014 M2 M5,Nanomaterial,,,,,literature_mined,,,-30.3,,,
Tilton2014 M2 M6,Nanomaterial,,,,,literature_mined,,,-12.7,,,
Tilton2014 M2 M7,Nanomaterial,,,,,literature_mined,,,-11.6,,,
Tilton2014 M2 M8,Nanomaterial,,,,,literature_mined,,,-9.45,,,
Tilton2014 M2 Surf,Nanomaterial,,,,,literature_mined,,,17.94,4.746177561291927,,
Tilton2014 M2 Size,Nanomaterial,200.0,,,,literature_mined,,,,,,
Tilton2014 M2 Size2,Nanomaterial,10.0,,,,literature_mined,,,,,,
Tilton2014 M1 Surf,Nanomaterial,,,,,literature_mined,,,513.0,3.2898826348881838,,
GSE62253 AgPURE Size,Silver,15.0,,,,literature_mined,,,,,,
GSE62253 AgPURE HydroSize,Silver,28.0,,,,literature_mined,,,,,,
Gioria2016 30 Size,Nanomaterial,30.0,,,,literature_mined,,,,,,
Gioria2016 5 Size,Nanomaterial,5.0,,,,literature_mined,,,,,,
Gioria2016 5 Zeta,Nanomaterial,,,,,literature_mined,,,-48.0,,,
Gioria2016 30 Zeta,Nanomaterial,,,,,literature_mined,,,-43.0,,,
Lin2013 01 Size,Nanomaterial,14.7,,,,literature_mined,,,,,,
Lin2013 02 Size,Nanomaterial,12.8,,,,literature_mined,,,,,,
Lin2013 03 Size,Nanomaterial,18.3,,,,literature_mined,,,,,,
Lin2013 04 Size,Nanomaterial,10.0,,,,literature_mined,,,,,,
Lin2013 05 Size,Nanomaterial,71.8,,,,literature_mined,,,,,,
Lin2013 06 Size,Nanomaterial,193.0,,,,literature_mined,,,,,,
Lin2013 07 Size,Nanomaterial,12.3,,,,literature_mined,,,,,,
Lin2013 08 Size,Nanomaterial,12.0,,,,literature_mined,,,,,,
Lin2013 09 Size,Nanomaterial,43.8,,,,literature_mined,,,,,,
Lin2013 10 Size,Nanomaterial,28.4,,,,literature_mined,,,,,,
Lin2013 11 Size,Nanomaterial,59.6,,,,literature_mined,,,,,,
Lin2013 12 Size,Nanomaterial,24.6,,,,literature_mined,,,,,,
Lin2013 13 Size,Nanomaterial,51.5,,,,literature_mined,,,,,,
Lin2013 14 Size,Nanomaterial,13.1,,,,literature_mined,,,,,,
Lin2013 15 Size,Nanomaterial,140.6,,,,literature_mined,,,,,,
Lin2013 16 Size,Nanomaterial,11.8,,,,literature_mined,,,,,,
Lin2013 17 Size,Nanomaterial,13.5,,,,literature_mined,,,,,,
Lin2013 18 Size,Nanomaterial,62.4,,,,literature_mined,,,,,,
Lin2013 19 Size,Nanomaterial,12.6,,,,literature_mined,,,,,,
Lin2013 20 Size,Nanomaterial,16.6,,,,literature_mined,,,,,,
Lin2013 21 Size,Nanomaterial,32.7,,,,literature_mined,,,,,,
Lin2013 22 Size,Nanomaterial,61.7,,,,literature_mined,,,,,,
Lin2013 23 Size,Nanomaterial,22.6,,,,literature_mined,,,,,,
Lin2013 24 Size,Nanomaterial,40.1,,,,literature_mined,,,,,,
Lin2013 24 Zp,Nanomaterial,,,,,literature_mined,,,-19.7,,,
Lin2013 23 Zp,Nanomaterial,,,,,literature_mined,,,-27.0,,,
Lin2013 22 Zp,Nanomaterial,,,,,literature_mined,,,-29.7,,,
Lin2013 21 Zp,Nanomaterial,,,,,literature_mined,,,-27.6,,,
Lin2013 20 Zp,Nanomaterial,,,,,literature_mined,,,-23.3,,,
Lin2013 19 Zp,Nanomaterial,,,,,literature_mined,,,-31.5,,,
Lin2013 18 Zp,Nanomaterial,,,,,literature_mined,,,-26.4,,,
Lin2013 17 Zp,Nanomaterial,,,,,literature_mined,,,-16.8,,,
Lin2013 16 Zp,Nanomaterial,,,,,literature_mined,,,-25.8,,,
Lin2013 15 Zp,Nanomaterial,,,,,literature_mined,,,-24.4,,,
Lin2013 14 Zp,Nanomaterial,,,,,literature_mined,,,-23.1,,,
Lin2013 13 Zp,Nanomaterial,,,,,literature_mined,,,-30.9,,,
Lin2013 12 Zp,Nanomaterial,,,,,literature_mined,,,-27.8,,,
Lin2013 11 Zp,Nanomaterial,,,,,literature_mined,,,-35.5,,,
Lin2013 10 Zp,Nanomaterial,,,,,literature_mined,,,-24.3,,,
Lin2013 09 Zp,Nanomaterial,,,,,literature_mined,,,-34.7,,,
Lin2013 08 Zp,Nanomaterial,,,,,literature_mined,,,-27.0,,,
Lin2013 07 Zp,Nanomaterial,,,,,literature_mined,,,-24.1,,,
Lin2013 06 Zp,Nanomaterial,,,,,literature_mined,,,-26.9,,,
Lin2013 05 Zp,Nanomaterial,,,,,literature_mined,,,-26.2,,,
Lin2013 04 Zp,Nanomaterial,,,,,literature_mined,,,-29.0,,,
Lin2013 03 Zp,Nanomaterial,,,,,literature_mined,,,-25.5,,,
Lin2013 02 Zp,Nanomaterial,,,,,literature_mined,,,-28.9,,,
Lin2013 01 Zp,Nanomaterial,,,,,literature_mined,,,-24.0,,,
Lin2013 01 A1 M1,Nanomaterial,1.18,,,,literature_mined,,,,,,
Lin2013 02 A1 M1,Nanomaterial,1.1,,,,literature_mined,,,,,,
Lin2013 06 A1 M1,Nanomaterial,0.63,,,,literature_mined,,,,,,
Lin2013 05 A1 M1,Nanomaterial,0.7,,,,literature_mined,,,,,,
Lin2013 23 A1 M1,Nanomaterial,0.72,,,,literature_mined,,,,,,
Lin2013 14 A1 M1,Nanomaterial,0.81,,,,literature_mined,,,,,,
Lin2013 19 A1 M1,Nanomaterial,1.18,,,,literature_mined,,,,,,
Lin2013 07 A1 M1,Nanomaterial,1.16,,,,literature_mined,,,,,,
MTBLS721 R1 M1,Nanomaterial,,,,,literature_mined,,,-6.5,,,
MTBLS721 R2 M1,Nanomaterial,,,,,literature_mined,,,-10.7,,,
MTBLS721 R3 M1,Nanomaterial,,,,,literature_mined,,,-8.5,,,
MTBLS721 R4 M1,Nanomaterial,,,,,literature_mined,,,-5.2,,,
MTBLS721 P4 M1,Nanomaterial,,,,,literature_mined,,,-3.7,,,
MTBLS721 P3 M1,Nanomaterial,,,,,literature_mined,,,-5.1,,,
MTBLS721 P2 M1,Nanomaterial,,,,,literature_mined,,,-3.6,,,
MTBLS721 P1 M1,Nanomaterial,,,,,literature_mined,,,-7.9,,,
MTBLS721 P1 M2,Nanomaterial,45.0,,,,literature_mined,,,,,,
MTBLS721 P2 M2,Nanomaterial,84.0,,,,literature_mined,,,,,,
MTBLS721 P3 M2,Nanomaterial,122.0,,,,literature_mined,,,,,,
MTBLS721 P4 M2,Nanomaterial,173.0,,,,literature_mined,,,,,,
MTBLS721 R1 M2,Nanomaterial,53.0,,,,literature_mined,,,,,,
MTBLS721 R2 M2,Nanomaterial,38.0,,,,literature_mined,,,,,,
MTBLS721 R3 M2,Nanomaterial,20.0,,,,literature_mined,,,,,,
MTBLS721 R4 M2,Nanomaterial,40.0,,,,literature_mined,,,,,,
MTBLS721 R4 M3,Nanomaterial,322.0,,,,literature_mined,,,,,,
MTBLS721 R3 M3,Nanomaterial,116.0,,,,literature_mined,,,,,,
MTBLS721 R2 M3,Nanomaterial,181.0,,,,literature_mined,,,,,,
MTBLS721 R1 M3,Nanomaterial,88.0,,,,literature_mined,,,,,,
MTBLS721 P4 M3,Nanomaterial,16.0,,,,literature_mined,,,,,,
MTBLS721 P3 M3,Nanomaterial,18.0,,,,literature_mined,,,,,,
MTBLS721 P2 M3,Nanomaterial,23.0,,,,literature_mined,,,,,,
MTBLS721 P1 M3,Nanomaterial,44.0,,,,literature_mined,,,,,,
MTBLS721 P1 M4,Nanomaterial,175.0,,,,literature_mined,,,,,,
MTBLS721 P2 M4,Nanomaterial,246.0,,,,literature_mined,,,,,,
MTBLS721 P3 M4,Nanomaterial,366.0,,,,literature_mined,,,,,,
MTBLS721 P4 M4,Nanomaterial,378.0,,,,literature_mined,,,,,,
MTBLS721 R1 M4,Nanomaterial,422.0,,,,literature_mined,,,,,,
MTBLS721 R2 M4,Nanomaterial,463.0,,,,literature_mined,,,,,,
MTBLS721 R3 M4,Nanomaterial,578.0,,,,literature_mined,,,,,,
MTBLS721 R4 M4,Nanomaterial,536.0,,,,literature_mined,,,,,,
MTBLS721 R4 M5,Nanomaterial,,,,,literature_mined,,,21.3,4.671620396561262,,
MTBLS721 R3 M5,Nanomaterial,,,,,literature_mined,,,26.9,4.570247719997592,,
MTBLS721 R2 M5,Nanomaterial,,,,,literature_mined,,,20.8,4.681936665037238,,
MTBLS721 R1 M5,Nanomaterial,,,,,literature_mined,,,18.3,4.73754891026957,,
MTBLS721 P4 M5,Nanomaterial,,,,,literature_mined,,,16.8,4.774690718274138,,
MTBLS721 P3 M5,Nanomaterial,,,,,literature_mined,,,17.4,4.7594507517174005,,
MTBLS721 P2 M5,Nanomaterial,,,,,literature_mined,,,17.9,4.747146969020107,,
MTBLS721 P1 M5,Nanomaterial,,,,,literature_mined,,,22.0,4.657577319177793,,
MGO-20NM-SC-B-1 M1,Nanomaterial,46.66,,,,literature_mined,,,,,,
MGO-20NM-SC-B-1 M2,Nanomaterial,23.8,,,,literature_mined,,,,,,
MGO-20NM-SC-B-1 M3,Nanomaterial,,,,,literature_mined,,,3.142,5.502793819296046,,
MGO-20NM-SC-B-1 M4,Nanomaterial,,,,,literature_mined,,,99.26,4.003225729138696,,
CdS-60NM-NS-B-1 M1,Nanomaterial,13.5034,,,,literature_mined,,,,,,
CdS-60NM-NS-B-1 M2,Nanomaterial,10.68,,,,literature_mined,,,,,,
CdS-60NM-NS-B-1 M3,Nanomaterial,,,,,literature_mined,,,5.1472,5.288428956442106,,
WO3-15NM-JB20170929-1 M1,Metal Oxide,20.884,,,,literature_mined,,,,,,
1%AG-SIO2-JB20161109-1 M1,Metal Oxide,10.64,,,,literature_mined,,,,,,
CEO2-10NM-JB20161105-1 M1,Metal Oxide,10.49,,,,literature_mined,,,,,,
10%AG-SIO2-JB20161109-1 M1,Metal Oxide,7.87,,,,literature_mined,,,,,,
CEO2-30NM-JB20161126-1 M1,Metal Oxide,34.75,,,,literature_mined,,,,,,
FE2O3-10NM-JB20161128-1 M1,Metal Oxide,9.92,,,,literature_mined,,,,,,
Choi2018 M1 M1,Nanomaterial,39.7,,,,literature_mined,,,,,,
Choi2018 M2 M1,Nanomaterial,46.3,,,,literature_mined,,,,,,
Choi2018 M3 M1,Nanomaterial,42.5,,,,literature_mined,,,,,,
Choi2018 M4 M1,Nanomaterial,10.0,,,,literature_mined,,,,,,
Choi2018 M5 M1,Nanomaterial,46.8,,,,literature_mined,,,,,,
Choi2018 M6 M1,Nanomaterial,33.5,,,,literature_mined,,,,,,
Choi2018 M7 M1,Nanomaterial,369.0,,,,literature_mined,,,,,,
Choi2018 M8 M1,Nanomaterial,27.5,,,,literature_mined,,,,,,
Choi2018 M9 M1,Nanomaterial,50.0,,,,literature_mined,,,,,,
Choi2018 M10 M1,Nanomaterial,25.0,,,,literature_mined,,,,,,
Choi2018 M11 M1,Nanomaterial,21.0,,,,literature_mined,,,,,,
Choi2018 M12 M1,Nanomaterial,40.0,,,,literature_mined,,,,,,
Choi2018 M13 M1,Nanomaterial,169.4,,,,literature_mined,,,,,,
Choi2018 M14 M1,Nanomaterial,15.5,,,,literature_mined,,,,,,
Choi2018 M15 M1,Nanomaterial,34.1,,,,literature_mined,,,,,,
Choi2018 M16 M1,Nanomaterial,5.9,,,,literature_mined,,,,,,
Choi2018 M17 M1,Nanomaterial,20.0,,,,literature_mined,,,,,,
Choi2018 M18 M1,Nanomaterial,10.0,,,,literature_mined,,,,,,
Choi2018 M17 M2,Nanomaterial,707.0,,,,literature_mined,,,,,,
Choi2018 M19 M1,Nanomaterial,20.0,,,,literature_mined,,,,,,
Choi2018 M19 M2,Nanomaterial,338.0,,,,literature_mined,,,,,,
Choi2018 M20 M1,Nanomaterial,10.0,,,,literature_mined,,,,,,
Choi2018 M18 M2,Nanomaterial,1457.0,,,,literature_mined,,,,,,
Choi2018 M20 M2,Nanomaterial,262.0,,,,literature_mined,,,,,,
Choi2018 M21 M1,Nanomaterial,35.0,,,,literature_mined,,,,,,
Choi2018 M22 M1,Nanomaterial,30.0,,,,literature_mined,,,,,,
Choi2018 M23 M1,Nanomaterial,125.0,,,,literature_mined,,,,,,
Choi2018 M24 M1,Nanomaterial,33.7,,,,literature_mined,,,,,,
Choi2018 M25 M1,Nanomaterial,45.3,,,,literature_mined,,,,,,
Choi2018 M26 M1,Nanomaterial,115.0,,,,literature_mined,,,,,,
Choi2018 M27 M1,Nanomaterial,60.0,,,,literature_mined,,,,,,
Choi2018 M28 M1,Nanomaterial,100.0,,,,literature_mined,,,,,,
Choi2018 M29 M1,Nanomaterial,86.0,,,,literature_mined,,,,,,
Choi2018 M30 M1,Nanomaterial,52.0,,,,literature_mined,,,,,,
Choi2018 M31 M1,Nanomaterial,7.5,,,,literature_mined,,,,,,
Choi2018 M32 M1,Nanomaterial,32.0,,,,literature_mined,,,,,,
Choi2018 M33 M1,Nanomaterial,35.6,,,,literature_mined,,,,,,
MTBLS260 M1 M1,Nanomaterial,28.3,,,,literature_mined,,,,,,
